{"v":"5.1.20","fr":24,"ip":0,"op":168,"w":500,"h":500,"nm":"Progmraming","ddd":0,"assets":[{"id":"comp_0","layers":[{"ddd":0,"ind":1,"ty":0,"nm":"Window","refId":"comp_1","sr":1,"ks":{"o":{"a":0,"k":100,"ix":11},"r":{"a":0,"k":0,"ix":10},"p":{"a":0,"k":[199,190,0],"ix":2},"a":{"a":0,"k":[199,190,0],"ix":1},"s":{"a":0,"k":[72,72,100],"ix":6}},"ao":0,"w":398,"h":380,"ip":0,"op":180,"st":0,"bm":0},{"ddd":0,"ind":2,"ty":0,"nm":"BG","refId":"comp_3","sr":1,"ks":{"o":{"a":0,"k":100,"ix":11},"r":{"a":0,"k":0,"ix":10},"p":{"a":0,"k":[199,190,0],"ix":2},"a":{"a":0,"k":[199,190,0],"ix":1},"s":{"a":0,"k":[100,100,100],"ix":6}},"ao":0,"w":398,"h":380,"ip":0,"op":180,"st":0,"bm":0}]},{"id":"comp_1","layers":[{"ddd":0,"ind":1,"ty":0,"nm":"line","refId":"comp_2","sr":1,"ks":{"o":{"a":0,"k":100,"ix":11},"r":{"a":0,"k":0,"ix":10},"p":{"a":0,"k":[199,190,0],"ix":2},"a":{"a":0,"k":[199,190,0],"ix":1},"s":{"a":0,"k":[100,100,100],"ix":6}},"ao":0,"w":398,"h":380,"ip":20,"op":200,"st":20,"bm":0},{"ddd":0,"ind":2,"ty":4,"nm":"program Outlines","sr":1,"ks":{"o":{"a":0,"k":100,"ix":11},"r":{"a":0,"k":0,"ix":10},"p":{"a":0,"k":[192.04,190.103,0],"ix":2},"a":{"a":0,"k":[192.04,190.103,0],"ix":1},"s":{"a":0,"k":[100,100,100],"ix":6}},"ao":0,"shapes":[{"ty":"gr","it":[{"ind":0,"ty":"sh","ix":1,"ks":{"a":0,"k":{"i":[[0,1.577],[-1.577,0],[0,-1.577],[1.577,0]],"o":[[0,-1.577],[1.577,0],[0,1.577],[-1.577,0]],"v":[[-2.855,0],[0,-2.855],[2.855,0],[0,2.855]],"c":true},"ix":2},"nm":"Path 1","mn":"ADBE Vector Shape - Group","hd":false},{"ty":"fl","c":{"a":0,"k":[1,1,1,1],"ix":4},"o":{"a":0,"k":100,"ix":5},"r":1,"nm":"Fill 1","mn":"ADBE Vector Graphic - Fill","hd":false},{"ty":"tr","p":{"a":0,"k":[299.09,119.593],"ix":2},"a":{"a":0,"k":[0,0],"ix":1},"s":{"a":0,"k":[100,100],"ix":3},"r":{"a":0,"k":0,"ix":6},"o":{"a":0,"k":100,"ix":7},"sk":{"a":0,"k":0,"ix":4},"sa":{"a":0,"k":0,"ix":5},"nm":"Transform"}],"nm":"Group 1","np":2,"cix":2,"ix":1,"mn":"ADBE Vector Group","hd":false},{"ty":"gr","it":[{"ind":0,"ty":"sh","ix":1,"ks":{"a":0,"k":{"i":[[0,1.577],[-1.577,0],[0,-1.577],[1.577,0]],"o":[[0,-1.577],[1.577,0],[0,1.577],[-1.577,0]],"v":[[-2.855,0],[0,-2.855],[2.855,0],[0,2.855]],"c":true},"ix":2},"nm":"Path 1","mn":"ADBE Vector Shape - Group","hd":false},{"ty":"fl","c":{"a":0,"k":[0.13333333333333333,0.15294117647058825,0.23529411764705882,1],"ix":4},"o":{"a":0,"k":100,"ix":5},"r":1,"nm":"Fill 1","mn":"ADBE Vector Graphic - Fill","hd":false},{"ty":"tr","p":{"a":0,"k":[285.305,119.593],"ix":2},"a":{"a":0,"k":[0,0],"ix":1},"s":{"a":0,"k":[100,100],"ix":3},"r":{"a":0,"k":0,"ix":6},"o":{"a":0,"k":100,"ix":7},"sk":{"a":0,"k":0,"ix":4},"sa":{"a":0,"k":0,"ix":5},"nm":"Transform"}],"nm":"Group 2","np":2,"cix":2,"ix":2,"mn":"ADBE Vector Group","hd":false},{"ty":"gr","it":[{"ind":0,"ty":"sh","ix":1,"ks":{"a":0,"k":{"i":[[0,1.577],[-1.577,0],[0,-1.577],[1.577,0]],"o":[[0,-1.577],[1.577,0],[0,1.577],[-1.577,0]],"v":[[-2.855,0],[0,-2.855],[2.855,0],[0,2.855]],"c":true},"ix":2},"nm":"Path 1","mn":"ADBE Vector Shape - Group","hd":false},{"ty":"fl","c":{"a":0,"k":[0.862744978362,0.109803996367,0.290195988674,1],"ix":4},"o":{"a":0,"k":100,"ix":5},"r":1,"nm":"Fill 1","mn":"ADBE Vector Graphic - Fill","hd":false},{"ty":"tr","p":{"a":0,"k":[271.52,119.593],"ix":2},"a":{"a":0,"k":[0,0],"ix":1},"s":{"a":0,"k":[100,100],"ix":3},"r":{"a":0,"k":0,"ix":6},"o":{"a":0,"k":100,"ix":7},"sk":{"a":0,"k":0,"ix":4},"sa":{"a":0,"k":0,"ix":5},"nm":"Transform"}],"nm":"Group 3","np":2,"cix":2,"ix":3,"mn":"ADBE Vector Group","hd":false},{"ty":"gr","it":[{"ind":0,"ty":"sh","ix":1,"ks":{"a":0,"k":{"i":[[0,0],[0,0],[4.659,0],[0,0],[0,4.659],[0,0]],"o":[[0,0],[0,4.659],[0,0],[-4.659,0],[0,0],[0,0]],"v":[[115.96,-70.511],[115.96,62.074],[107.523,70.511],[-107.524,70.511],[-115.96,62.074],[-115.96,-70.511]],"c":true},"ix":2},"nm":"Path 1","mn":"ADBE Vector Shape - Group","hd":false},{"ty":"fl","c":{"a":0,"k":[0.223528992896,0.301960993748,0.360783984614,1],"ix":4},"o":{"a":0,"k":100,"ix":5},"r":1,"nm":"Fill 1","mn":"ADBE Vector Graphic - Fill","hd":false},{"ty":"tr","p":{"a":0,"k":[192.04,199.553],"ix":2},"a":{"a":0,"k":[0,0],"ix":1},"s":{"a":0,"k":[100,100],"ix":3},"r":{"a":0,"k":0,"ix":6},"o":{"a":0,"k":100,"ix":7},"sk":{"a":0,"k":0,"ix":4},"sa":{"a":0,"k":0,"ix":5},"nm":"Transform"}],"nm":"Group 4","np":2,"cix":2,"ix":4,"mn":"ADBE Vector Group","hd":false},{"ty":"gr","it":[{"ind":0,"ty":"sh","ix":1,"ks":{"a":0,"k":{"i":[[0,-4.659],[0,0],[0,0],[0,0],[-4.659,0],[0,0]],"o":[[0,0],[0,0],[0,0],[0,-4.659],[0,0],[4.659,0]],"v":[[115.96,-1.013],[115.96,9.45],[-115.96,9.45],[-115.96,-1.013],[-107.524,-9.45],[107.523,-9.45]],"c":true},"ix":2},"nm":"Path 1","mn":"ADBE Vector Shape - Group","hd":false},{"ty":"fl","c":{"a":0,"k":[0.666666965859,0.749019966873,0.811765005074,1],"ix":4},"o":{"a":0,"k":100,"ix":5},"r":1,"nm":"Fill 1","mn":"ADBE Vector Graphic - Fill","hd":false},{"ty":"tr","p":{"a":0,"k":[192.04,119.593],"ix":2},"a":{"a":0,"k":[0,0],"ix":1},"s":{"a":0,"k":[100,100],"ix":3},"r":{"a":0,"k":0,"ix":6},"o":{"a":0,"k":100,"ix":7},"sk":{"a":0,"k":0,"ix":4},"sa":{"a":0,"k":0,"ix":5},"nm":"Transform"}],"nm":"Group 5","np":2,"cix":2,"ix":5,"mn":"ADBE Vector Group","hd":false}],"ip":0,"op":180,"st":0,"bm":0}]},{"id":"comp_2","layers":[{"ddd":0,"ind":1,"ty":4,"nm":"line-program/Program Outlines - Group 1","sr":1,"ks":{"o":{"a":0,"k":100,"ix":11},"r":{"a":0,"k":0,"ix":10},"p":{"a":0,"k":[202.881,244.499,0],"ix":2},"a":{"a":0,"k":[202.881,244.499,0],"ix":1},"s":{"a":0,"k":[100,100,100],"ix":6}},"ao":0,"hasMask":true,"masksProperties":[{"inv":false,"mode":"a","pt":{"a":1,"k":[{"i":{"x":0.667,"y":1},"o":{"x":0.167,"y":0.167},"n":"0p667_1_0p167_0p167","t":10,"s":[{"i":[[0,0],[0,0],[0,0],[0,0]],"o":[[0,0],[0,0],[0,0],[0,0]],"v":[[155,238.75],[155,238.75],[155,250.5],[155,250.5]],"c":true}],"e":[{"i":[[0,0],[0,0],[0,0],[0,0]],"o":[[0,0],[0,0],[0,0],[0,0]],"v":[[251.5,238.75],[155,238.75],[155,250.5],[251.5,250.5]],"c":true}]},{"i":{"x":0.667,"y":1},"o":{"x":0.333,"y":0},"n":"0p667_1_0p333_0","t":30,"s":[{"i":[[0,0],[0,0],[0,0],[0,0]],"o":[[0,0],[0,0],[0,0],[0,0]],"v":[[251.5,238.75],[155,238.75],[155,250.5],[251.5,250.5]],"c":true}],"e":[{"i":[[0,0],[0,0],[0,0],[0,0]],"o":[[0,0],[0,0],[0,0],[0,0]],"v":[[251.5,238.75],[155,238.75],[155,250.5],[251.5,250.5]],"c":true}]},{"i":{"x":0.833,"y":0.833},"o":{"x":0.333,"y":0},"n":"0p833_0p833_0p333_0","t":110,"s":[{"i":[[0,0],[0,0],[0,0],[0,0]],"o":[[0,0],[0,0],[0,0],[0,0]],"v":[[251.5,238.75],[155,238.75],[155,250.5],[251.5,250.5]],"c":true}],"e":[{"i":[[0,0],[0,0],[0,0],[0,0]],"o":[[0,0],[0,0],[0,0],[0,0]],"v":[[155,238.75],[155,238.75],[155,250.5],[155,250.5]],"c":true}]},{"t":130}],"ix":1},"o":{"a":0,"k":100,"ix":3},"x":{"a":0,"k":0,"ix":4},"nm":"Mask 1"}],"shapes":[{"ty":"gr","it":[{"ind":0,"ty":"sh","ix":1,"ks":{"a":0,"k":{"i":[[0,0],[0,0],[0,0],[0,0]],"o":[[0,0],[0,0],[0,0],[0,0]],"v":[[46.211,4.48],[-46.211,4.48],[-46.211,-4.48],[46.211,-4.48]],"c":true},"ix":2},"nm":"Path 1","mn":"ADBE Vector Shape - Group","hd":false},{"ty":"fl","c":{"a":0,"k":[1,1,1,1],"ix":4},"o":{"a":0,"k":100,"ix":5},"r":1,"nm":"Fill 1","mn":"ADBE Vector Graphic - Fill","hd":false},{"ty":"tr","p":{"a":0,"k":[202.881,244.499],"ix":2},"a":{"a":0,"k":[0,0],"ix":1},"s":{"a":0,"k":[100,100],"ix":3},"r":{"a":0,"k":0,"ix":6},"o":{"a":0,"k":100,"ix":7},"sk":{"a":0,"k":0,"ix":4},"sa":{"a":0,"k":0,"ix":5},"nm":"Transform"}],"nm":"Group 1","np":2,"cix":2,"ix":1,"mn":"ADBE Vector Group","hd":false}],"ip":10,"op":131,"st":10,"bm":0},{"ddd":0,"ind":2,"ty":4,"nm":"line-program/Program Outlines - Group 2","sr":1,"ks":{"o":{"a":0,"k":100,"ix":11},"r":{"a":0,"k":0,"ix":10},"p":{"a":0,"k":[258.401,230.551,0],"ix":2},"a":{"a":0,"k":[258.401,230.551,0],"ix":1},"s":{"a":0,"k":[100,100,100],"ix":6}},"ao":0,"hasMask":true,"masksProperties":[{"inv":false,"mode":"a","pt":{"a":1,"k":[{"i":{"x":0.667,"y":1},"o":{"x":0.167,"y":0.167},"n":"0p667_1_0p167_0p167","t":10,"s":[{"i":[[0,0],[0,0],[0,0],[0,0]],"o":[[0,0],[0,0],[0,0],[0,0]],"v":[[228.25,225.125],[227.875,225.125],[227.875,236],[228.25,236]],"c":true}],"e":[{"i":[[0,0],[0,0],[0,0],[0,0]],"o":[[0,0],[0,0],[0,0],[0,0]],"v":[[288.875,225.125],[227.875,225.125],[227.875,236],[288.875,236]],"c":true}]},{"i":{"x":0.667,"y":1},"o":{"x":0.333,"y":0},"n":"0p667_1_0p333_0","t":30,"s":[{"i":[[0,0],[0,0],[0,0],[0,0]],"o":[[0,0],[0,0],[0,0],[0,0]],"v":[[288.875,225.125],[227.875,225.125],[227.875,236],[288.875,236]],"c":true}],"e":[{"i":[[0,0],[0,0],[0,0],[0,0]],"o":[[0,0],[0,0],[0,0],[0,0]],"v":[[288.875,225.125],[227.875,225.125],[227.875,236],[288.875,236]],"c":true}]},{"i":{"x":0.833,"y":0.833},"o":{"x":0.333,"y":0},"n":"0p833_0p833_0p333_0","t":110,"s":[{"i":[[0,0],[0,0],[0,0],[0,0]],"o":[[0,0],[0,0],[0,0],[0,0]],"v":[[288.875,225.125],[227.875,225.125],[227.875,236],[288.875,236]],"c":true}],"e":[{"i":[[0,0],[0,0],[0,0],[0,0]],"o":[[0,0],[0,0],[0,0],[0,0]],"v":[[228.25,225.125],[227.875,225.125],[227.875,236],[228.25,236]],"c":true}]},{"t":130}],"ix":1},"o":{"a":0,"k":100,"ix":3},"x":{"a":0,"k":0,"ix":4},"nm":"Mask 1"}],"shapes":[{"ty":"gr","it":[{"ind":0,"ty":"sh","ix":1,"ks":{"a":0,"k":{"i":[[0,0],[0,0],[0,0],[0,0]],"o":[[0,0],[0,0],[0,0],[0,0]],"v":[[29.434,4.48],[-29.434,4.48],[-29.434,-4.48],[29.434,-4.48]],"c":true},"ix":2},"nm":"Path 1","mn":"ADBE Vector Shape - Group","hd":false},{"ty":"fl","c":{"a":0,"k":[0.168626987233,0.701960963829,0.803921987496,1],"ix":4},"o":{"a":0,"k":100,"ix":5},"r":1,"nm":"Fill 1","mn":"ADBE Vector Graphic - Fill","hd":false},{"ty":"tr","p":{"a":0,"k":[258.401,230.551],"ix":2},"a":{"a":0,"k":[0,0],"ix":1},"s":{"a":0,"k":[100,100],"ix":3},"r":{"a":0,"k":0,"ix":6},"o":{"a":0,"k":100,"ix":7},"sk":{"a":0,"k":0,"ix":4},"sa":{"a":0,"k":0,"ix":5},"nm":"Transform"}],"nm":"Group 2","np":2,"cix":2,"ix":1,"mn":"ADBE Vector Group","hd":false}],"ip":10,"op":131,"st":10,"bm":0},{"ddd":0,"ind":3,"ty":4,"nm":"line-program/Program Outlines - Group 3","sr":1,"ks":{"o":{"a":0,"k":100,"ix":11},"r":{"a":0,"k":0,"ix":10},"p":{"a":0,"k":[199.246,230.551,0],"ix":2},"a":{"a":0,"k":[199.246,230.551,0],"ix":1},"s":{"a":0,"k":[100,100,100],"ix":6}},"ao":0,"hasMask":true,"masksProperties":[{"inv":false,"mode":"a","pt":{"a":1,"k":[{"i":{"x":0.667,"y":1},"o":{"x":0.167,"y":0.167},"n":"0p667_1_0p167_0p167","t":13,"s":[{"i":[[0,0],[0,0],[0,0],[0,0]],"o":[[0,0],[0,0],[0,0],[0,0]],"v":[[177.625,225.25],[177.5,225.25],[177.5,235.875],[177.625,235.875]],"c":true}],"e":[{"i":[[0,0],[0,0],[0,0],[0,0]],"o":[[0,0],[0,0],[0,0],[0,0]],"v":[[221,225.25],[177.5,225.25],[177.5,235.875],[221,235.875]],"c":true}]},{"i":{"x":0.667,"y":1},"o":{"x":0.333,"y":0},"n":"0p667_1_0p333_0","t":33,"s":[{"i":[[0,0],[0,0],[0,0],[0,0]],"o":[[0,0],[0,0],[0,0],[0,0]],"v":[[221,225.25],[177.5,225.25],[177.5,235.875],[221,235.875]],"c":true}],"e":[{"i":[[0,0],[0,0],[0,0],[0,0]],"o":[[0,0],[0,0],[0,0],[0,0]],"v":[[221,225.25],[177.5,225.25],[177.5,235.875],[221,235.875]],"c":true}]},{"i":{"x":0.833,"y":0.833},"o":{"x":0.333,"y":0},"n":"0p833_0p833_0p333_0","t":113,"s":[{"i":[[0,0],[0,0],[0,0],[0,0]],"o":[[0,0],[0,0],[0,0],[0,0]],"v":[[221,225.25],[177.5,225.25],[177.5,235.875],[221,235.875]],"c":true}],"e":[{"i":[[0,0],[0,0],[0,0],[0,0]],"o":[[0,0],[0,0],[0,0],[0,0]],"v":[[177.625,225.25],[177.5,225.25],[177.5,235.875],[177.625,235.875]],"c":true}]},{"t":133}],"ix":1},"o":{"a":0,"k":100,"ix":3},"x":{"a":0,"k":0,"ix":4},"nm":"Mask 1"}],"shapes":[{"ty":"gr","it":[{"ind":0,"ty":"sh","ix":1,"ks":{"a":0,"k":{"i":[[0,0],[0,0],[0,0],[0,0]],"o":[[0,0],[0,0],[0,0],[0,0]],"v":[[20.955,4.48],[-20.955,4.48],[-20.955,-4.48],[20.955,-4.48]],"c":true},"ix":2},"nm":"Path 1","mn":"ADBE Vector Shape - Group","hd":false},{"ty":"fl","c":{"a":0,"k":[0.862744978362,0.321568986481,0.490195988674,1],"ix":4},"o":{"a":0,"k":100,"ix":5},"r":1,"nm":"Fill 1","mn":"ADBE Vector Graphic - Fill","hd":false},{"ty":"tr","p":{"a":0,"k":[199.246,230.551],"ix":2},"a":{"a":0,"k":[0,0],"ix":1},"s":{"a":0,"k":[100,100],"ix":3},"r":{"a":0,"k":0,"ix":6},"o":{"a":0,"k":100,"ix":7},"sk":{"a":0,"k":0,"ix":4},"sa":{"a":0,"k":0,"ix":5},"nm":"Transform"}],"nm":"Group 3","np":2,"cix":2,"ix":1,"mn":"ADBE Vector Group","hd":false}],"ip":13,"op":134,"st":13,"bm":0},{"ddd":0,"ind":4,"ty":4,"nm":"line-program/Program Outlines - Group 4","sr":1,"ks":{"o":{"a":0,"k":100,"ix":11},"r":{"a":0,"k":0,"ix":10},"p":{"a":0,"k":[228.967,216.603,0],"ix":2},"a":{"a":0,"k":[228.967,216.603,0],"ix":1},"s":{"a":0,"k":[100,100,100],"ix":6}},"ao":0,"hasMask":true,"masksProperties":[{"inv":false,"mode":"a","pt":{"a":1,"k":[{"i":{"x":0.667,"y":1},"o":{"x":0.167,"y":0.167},"n":"0p667_1_0p167_0p167","t":13,"s":[{"i":[[0,0],[0,0],[0,0],[0,0]],"o":[[0,0],[0,0],[0,0],[0,0]],"v":[[207.75,211.125],[207.375,211.125],[207.375,222.125],[207.75,222.125]],"c":true}],"e":[{"i":[[0,0],[0,0],[0,0],[0,0]],"o":[[0,0],[0,0],[0,0],[0,0]],"v":[[251.125,211.125],[207.375,211.125],[207.375,222.125],[251.125,222.125]],"c":true}]},{"i":{"x":0.667,"y":1},"o":{"x":0.333,"y":0},"n":"0p667_1_0p333_0","t":33,"s":[{"i":[[0,0],[0,0],[0,0],[0,0]],"o":[[0,0],[0,0],[0,0],[0,0]],"v":[[251.125,211.125],[207.375,211.125],[207.375,222.125],[251.125,222.125]],"c":true}],"e":[{"i":[[0,0],[0,0],[0,0],[0,0]],"o":[[0,0],[0,0],[0,0],[0,0]],"v":[[251.125,211.125],[207.375,211.125],[207.375,222.125],[251.125,222.125]],"c":true}]},{"i":{"x":0.833,"y":0.833},"o":{"x":0.333,"y":0},"n":"0p833_0p833_0p333_0","t":113,"s":[{"i":[[0,0],[0,0],[0,0],[0,0]],"o":[[0,0],[0,0],[0,0],[0,0]],"v":[[251.125,211.125],[207.375,211.125],[207.375,222.125],[251.125,222.125]],"c":true}],"e":[{"i":[[0,0],[0,0],[0,0],[0,0]],"o":[[0,0],[0,0],[0,0],[0,0]],"v":[[207.75,211.125],[207.375,211.125],[207.375,222.125],[207.75,222.125]],"c":true}]},{"t":133}],"ix":1},"o":{"a":0,"k":100,"ix":3},"x":{"a":0,"k":0,"ix":4},"nm":"Mask 1"}],"shapes":[{"ty":"gr","it":[{"ind":0,"ty":"sh","ix":1,"ks":{"a":0,"k":{"i":[[0,0],[0,0],[0,0],[0,0]],"o":[[0,0],[0,0],[0,0],[0,0]],"v":[[20.955,4.48],[-20.955,4.48],[-20.955,-4.48],[20.955,-4.48]],"c":true},"ix":2},"nm":"Path 1","mn":"ADBE Vector Shape - Group","hd":false},{"ty":"fl","c":{"a":0,"k":[0.31372498157,0.721568986481,0.419607992733,1],"ix":4},"o":{"a":0,"k":100,"ix":5},"r":1,"nm":"Fill 1","mn":"ADBE Vector Graphic - Fill","hd":false},{"ty":"tr","p":{"a":0,"k":[228.967,216.603],"ix":2},"a":{"a":0,"k":[0,0],"ix":1},"s":{"a":0,"k":[100,100],"ix":3},"r":{"a":0,"k":0,"ix":6},"o":{"a":0,"k":100,"ix":7},"sk":{"a":0,"k":0,"ix":4},"sa":{"a":0,"k":0,"ix":5},"nm":"Transform"}],"nm":"Group 4","np":2,"cix":2,"ix":1,"mn":"ADBE Vector Group","hd":false}],"ip":13,"op":134,"st":13,"bm":0},{"ddd":0,"ind":5,"ty":4,"nm":"line-program/Program Outlines - Group 5","sr":1,"ks":{"o":{"a":0,"k":100,"ix":11},"r":{"a":0,"k":0,"ix":10},"p":{"a":0,"k":[173.447,216.603,0],"ix":2},"a":{"a":0,"k":[173.447,216.603,0],"ix":1},"s":{"a":0,"k":[100,100,100],"ix":6}},"ao":0,"hasMask":true,"masksProperties":[{"inv":false,"mode":"a","pt":{"a":1,"k":[{"i":{"x":0.667,"y":1},"o":{"x":0.167,"y":0.167},"n":"0p667_1_0p167_0p167","t":23,"s":[{"i":[[0,0],[0,0],[0,0],[0,0]],"o":[[0,0],[0,0],[0,0],[0,0]],"v":[[143.625,211.25],[143.25,211.25],[143.25,222.625],[143.625,222.625]],"c":true}],"e":[{"i":[[0,0],[0,0],[0,0],[0,0]],"o":[[0,0],[0,0],[0,0],[0,0]],"v":[[204.125,211.25],[143.25,211.25],[143.25,222.625],[204.125,222.625]],"c":true}]},{"i":{"x":0.667,"y":1},"o":{"x":0.333,"y":0},"n":"0p667_1_0p333_0","t":43,"s":[{"i":[[0,0],[0,0],[0,0],[0,0]],"o":[[0,0],[0,0],[0,0],[0,0]],"v":[[204.125,211.25],[143.25,211.25],[143.25,222.625],[204.125,222.625]],"c":true}],"e":[{"i":[[0,0],[0,0],[0,0],[0,0]],"o":[[0,0],[0,0],[0,0],[0,0]],"v":[[204.125,211.25],[143.25,211.25],[143.25,222.625],[204.125,222.625]],"c":true}]},{"i":{"x":0.833,"y":0.833},"o":{"x":0.333,"y":0},"n":"0p833_0p833_0p333_0","t":123,"s":[{"i":[[0,0],[0,0],[0,0],[0,0]],"o":[[0,0],[0,0],[0,0],[0,0]],"v":[[204.125,211.25],[143.25,211.25],[143.25,222.625],[204.125,222.625]],"c":true}],"e":[{"i":[[0,0],[0,0],[0,0],[0,0]],"o":[[0,0],[0,0],[0,0],[0,0]],"v":[[143.625,211.25],[143.25,211.25],[143.25,222.625],[143.625,222.625]],"c":true}]},{"t":143}],"ix":1},"o":{"a":0,"k":100,"ix":3},"x":{"a":0,"k":0,"ix":4},"nm":"Mask 1"}],"shapes":[{"ty":"gr","it":[{"ind":0,"ty":"sh","ix":1,"ks":{"a":0,"k":{"i":[[0,0],[0,0],[0,0],[0,0]],"o":[[0,0],[0,0],[0,0],[0,0]],"v":[[29.434,4.48],[-29.434,4.48],[-29.434,-4.48],[29.434,-4.48]],"c":true},"ix":2},"nm":"Path 1","mn":"ADBE Vector Shape - Group","hd":false},{"ty":"fl","c":{"a":0,"k":[1,1,1,1],"ix":4},"o":{"a":0,"k":100,"ix":5},"r":1,"nm":"Fill 1","mn":"ADBE Vector Graphic - Fill","hd":false},{"ty":"tr","p":{"a":0,"k":[173.447,216.603],"ix":2},"a":{"a":0,"k":[0,0],"ix":1},"s":{"a":0,"k":[100,100],"ix":3},"r":{"a":0,"k":0,"ix":6},"o":{"a":0,"k":100,"ix":7},"sk":{"a":0,"k":0,"ix":4},"sa":{"a":0,"k":0,"ix":5},"nm":"Transform"}],"nm":"Group 5","np":2,"cix":2,"ix":1,"mn":"ADBE Vector Group","hd":false}],"ip":23,"op":144,"st":23,"bm":0},{"ddd":0,"ind":6,"ty":4,"nm":"line-program/Program Outlines - Group 6","sr":1,"ks":{"o":{"a":0,"k":100,"ix":11},"r":{"a":0,"k":0,"ix":10},"p":{"a":0,"k":[254.222,202.655,0],"ix":2},"a":{"a":0,"k":[254.222,202.655,0],"ix":1},"s":{"a":0,"k":[100,100,100],"ix":6}},"ao":0,"hasMask":true,"masksProperties":[{"inv":false,"mode":"a","pt":{"a":1,"k":[{"i":{"x":0.667,"y":1},"o":{"x":0.167,"y":0.167},"n":"0p667_1_0p167_0p167","t":20,"s":[{"i":[[0,0],[0,0],[0,0],[0,0]],"o":[[0,0],[0,0],[0,0],[0,0]],"v":[[207.25,196.5],[206.75,196.5],[206.75,209],[207.25,209]],"c":true}],"e":[{"i":[[0,0],[0,0],[0,0],[0,0]],"o":[[0,0],[0,0],[0,0],[0,0]],"v":[[302.75,196.5],[206.75,196.5],[206.75,209],[302.75,209]],"c":true}]},{"i":{"x":0.667,"y":1},"o":{"x":0.333,"y":0},"n":"0p667_1_0p333_0","t":40,"s":[{"i":[[0,0],[0,0],[0,0],[0,0]],"o":[[0,0],[0,0],[0,0],[0,0]],"v":[[302.75,196.5],[206.75,196.5],[206.75,209],[302.75,209]],"c":true}],"e":[{"i":[[0,0],[0,0],[0,0],[0,0]],"o":[[0,0],[0,0],[0,0],[0,0]],"v":[[302.75,196.5],[206.75,196.5],[206.75,209],[302.75,209]],"c":true}]},{"i":{"x":0.833,"y":0.833},"o":{"x":0.333,"y":0},"n":"0p833_0p833_0p333_0","t":120,"s":[{"i":[[0,0],[0,0],[0,0],[0,0]],"o":[[0,0],[0,0],[0,0],[0,0]],"v":[[302.75,196.5],[206.75,196.5],[206.75,209],[302.75,209]],"c":true}],"e":[{"i":[[0,0],[0,0],[0,0],[0,0]],"o":[[0,0],[0,0],[0,0],[0,0]],"v":[[207.25,196.5],[206.75,196.5],[206.75,209],[207.25,209]],"c":true}]},{"t":140}],"ix":1},"o":{"a":0,"k":100,"ix":3},"x":{"a":0,"k":0,"ix":4},"nm":"Mask 1"}],"shapes":[{"ty":"gr","it":[{"ind":0,"ty":"sh","ix":1,"ks":{"a":0,"k":{"i":[[0,0],[0,0],[0,0],[0,0]],"o":[[0,0],[0,0],[0,0],[0,0]],"v":[[46.211,4.48],[-46.211,4.48],[-46.211,-4.48],[46.211,-4.48]],"c":true},"ix":2},"nm":"Path 1","mn":"ADBE Vector Shape - Group","hd":false},{"ty":"fl","c":{"a":0,"k":[1,1,1,1],"ix":4},"o":{"a":0,"k":100,"ix":5},"r":1,"nm":"Fill 1","mn":"ADBE Vector Graphic - Fill","hd":false},{"ty":"tr","p":{"a":0,"k":[254.222,202.655],"ix":2},"a":{"a":0,"k":[0,0],"ix":1},"s":{"a":0,"k":[100,100],"ix":3},"r":{"a":0,"k":0,"ix":6},"o":{"a":0,"k":100,"ix":7},"sk":{"a":0,"k":0,"ix":4},"sa":{"a":0,"k":0,"ix":5},"nm":"Transform"}],"nm":"Group 6","np":2,"cix":2,"ix":1,"mn":"ADBE Vector Group","hd":false}],"ip":20,"op":141,"st":20,"bm":0},{"ddd":0,"ind":7,"ty":4,"nm":"line-program/Program Outlines - Group 7","sr":1,"ks":{"o":{"a":0,"k":100,"ix":11},"r":{"a":0,"k":0,"ix":10},"p":{"a":0,"k":[151.486,202.655,0],"ix":2},"a":{"a":0,"k":[151.486,202.655,0],"ix":1},"s":{"a":0,"k":[100,100,100],"ix":6}},"ao":0,"hasMask":true,"masksProperties":[{"inv":false,"mode":"a","pt":{"a":1,"k":[{"i":{"x":0.667,"y":1},"o":{"x":0.167,"y":0.167},"n":"0p667_1_0p167_0p167","t":17,"s":[{"i":[[0,0],[0,0],[0,0],[0,0]],"o":[[0,0],[0,0],[0,0],[0,0]],"v":[[98.25,196.75],[97.5,196.75],[97.5,209.5],[98.25,209.5]],"c":true}],"e":[{"i":[[0,0],[0,0],[0,0],[0,0]],"o":[[0,0],[0,0],[0,0],[0,0]],"v":[[205.75,196.75],[97.5,196.75],[97.5,209.5],[205.75,209.5]],"c":true}]},{"i":{"x":0.667,"y":1},"o":{"x":0.333,"y":0},"n":"0p667_1_0p333_0","t":37,"s":[{"i":[[0,0],[0,0],[0,0],[0,0]],"o":[[0,0],[0,0],[0,0],[0,0]],"v":[[205.75,196.75],[97.5,196.75],[97.5,209.5],[205.75,209.5]],"c":true}],"e":[{"i":[[0,0],[0,0],[0,0],[0,0]],"o":[[0,0],[0,0],[0,0],[0,0]],"v":[[205.75,196.75],[97.5,196.75],[97.5,209.5],[205.75,209.5]],"c":true}]},{"i":{"x":0.833,"y":0.833},"o":{"x":0.333,"y":0},"n":"0p833_0p833_0p333_0","t":117,"s":[{"i":[[0,0],[0,0],[0,0],[0,0]],"o":[[0,0],[0,0],[0,0],[0,0]],"v":[[205.75,196.75],[97.5,196.75],[97.5,209.5],[205.75,209.5]],"c":true}],"e":[{"i":[[0,0],[0,0],[0,0],[0,0]],"o":[[0,0],[0,0],[0,0],[0,0]],"v":[[98.25,196.75],[97.5,196.75],[97.5,209.5],[98.25,209.5]],"c":true}]},{"t":137}],"ix":1},"o":{"a":0,"k":100,"ix":3},"x":{"a":0,"k":0,"ix":4},"nm":"Mask 1"}],"shapes":[{"ty":"gr","it":[{"ind":0,"ty":"sh","ix":1,"ks":{"a":0,"k":{"i":[[0,0],[0,0],[0,0],[0,0]],"o":[[0,0],[0,0],[0,0],[0,0]],"v":[[52.25,4.48],[-52.25,4.48],[-52.25,-4.48],[52.25,-4.48]],"c":true},"ix":2},"nm":"Path 1","mn":"ADBE Vector Shape - Group","hd":false},{"ty":"fl","c":{"a":0,"k":[0.666666965859,0.749019966873,0.811765005074,1],"ix":4},"o":{"a":0,"k":100,"ix":5},"r":1,"nm":"Fill 1","mn":"ADBE Vector Graphic - Fill","hd":false},{"ty":"tr","p":{"a":0,"k":[151.486,202.655],"ix":2},"a":{"a":0,"k":[0,0],"ix":1},"s":{"a":0,"k":[100,100],"ix":3},"r":{"a":0,"k":0,"ix":6},"o":{"a":0,"k":100,"ix":7},"sk":{"a":0,"k":0,"ix":4},"sa":{"a":0,"k":0,"ix":5},"nm":"Transform"}],"nm":"Group 7","np":2,"cix":2,"ix":1,"mn":"ADBE Vector Group","hd":false}],"ip":17,"op":138,"st":17,"bm":0},{"ddd":0,"ind":8,"ty":4,"nm":"line-program/Program Outlines - Group 8","sr":1,"ks":{"o":{"a":0,"k":100,"ix":11},"r":{"a":0,"k":0,"ix":10},"p":{"a":0,"k":[244.29,188.707,0],"ix":2},"a":{"a":0,"k":[244.29,188.707,0],"ix":1},"s":{"a":0,"k":[100,100,100],"ix":6}},"ao":0,"hasMask":true,"masksProperties":[{"inv":false,"mode":"a","pt":{"a":1,"k":[{"i":{"x":0.667,"y":1},"o":{"x":0.167,"y":0.167},"n":"0p667_1_0p167_0p167","t":11,"s":[{"i":[[0,0],[0,0],[0,0],[0,0]],"o":[[0,0],[0,0],[0,0],[0,0]],"v":[[222.25,182.5],[221.5,182.5],[221.5,195],[222.25,195]],"c":true}],"e":[{"i":[[0,0],[0,0],[0,0],[0,0]],"o":[[0,0],[0,0],[0,0],[0,0]],"v":[[267.5,182.5],[221.5,182.5],[221.5,195],[267.5,195]],"c":true}]},{"i":{"x":0.667,"y":1},"o":{"x":0.333,"y":0},"n":"0p667_1_0p333_0","t":31,"s":[{"i":[[0,0],[0,0],[0,0],[0,0]],"o":[[0,0],[0,0],[0,0],[0,0]],"v":[[267.5,182.5],[221.5,182.5],[221.5,195],[267.5,195]],"c":true}],"e":[{"i":[[0,0],[0,0],[0,0],[0,0]],"o":[[0,0],[0,0],[0,0],[0,0]],"v":[[267.5,182.5],[221.5,182.5],[221.5,195],[267.5,195]],"c":true}]},{"i":{"x":0.833,"y":0.833},"o":{"x":0.333,"y":0},"n":"0p833_0p833_0p333_0","t":111,"s":[{"i":[[0,0],[0,0],[0,0],[0,0]],"o":[[0,0],[0,0],[0,0],[0,0]],"v":[[267.5,182.5],[221.5,182.5],[221.5,195],[267.5,195]],"c":true}],"e":[{"i":[[0,0],[0,0],[0,0],[0,0]],"o":[[0,0],[0,0],[0,0],[0,0]],"v":[[222.25,182.5],[221.5,182.5],[221.5,195],[222.25,195]],"c":true}]},{"t":131}],"ix":1},"o":{"a":0,"k":100,"ix":3},"x":{"a":0,"k":0,"ix":4},"nm":"Mask 1"}],"shapes":[{"ty":"gr","it":[{"ind":0,"ty":"sh","ix":1,"ks":{"a":0,"k":{"i":[[0,0],[0,0],[0,0],[0,0]],"o":[[0,0],[0,0],[0,0],[0,0]],"v":[[20.955,4.48],[-20.955,4.48],[-20.955,-4.48],[20.955,-4.48]],"c":true},"ix":2},"nm":"Path 1","mn":"ADBE Vector Shape - Group","hd":false},{"ty":"fl","c":{"a":0,"k":[0.168626987233,0.701960963829,0.803921987496,1],"ix":4},"o":{"a":0,"k":100,"ix":5},"r":1,"nm":"Fill 1","mn":"ADBE Vector Graphic - Fill","hd":false},{"ty":"tr","p":{"a":0,"k":[244.29,188.707],"ix":2},"a":{"a":0,"k":[0,0],"ix":1},"s":{"a":0,"k":[100,100],"ix":3},"r":{"a":0,"k":0,"ix":6},"o":{"a":0,"k":100,"ix":7},"sk":{"a":0,"k":0,"ix":4},"sa":{"a":0,"k":0,"ix":5},"nm":"Transform"}],"nm":"Group 8","np":2,"cix":2,"ix":1,"mn":"ADBE Vector Group","hd":false}],"ip":11,"op":132,"st":11,"bm":0},{"ddd":0,"ind":9,"ty":4,"nm":"line-program/Program Outlines - Group 9","sr":1,"ks":{"o":{"a":0,"k":100,"ix":11},"r":{"a":0,"k":0,"ix":10},"p":{"a":0,"k":[173.447,188.707,0],"ix":2},"a":{"a":0,"k":[173.447,188.707,0],"ix":1},"s":{"a":0,"k":[100,100,100],"ix":6}},"ao":0,"hasMask":true,"masksProperties":[{"inv":false,"mode":"a","pt":{"a":1,"k":[{"i":{"x":0.667,"y":1},"o":{"x":0.167,"y":0.167},"n":"0p667_1_0p167_0p167","t":5,"s":[{"i":[[0,0],[0,0],[0,0],[0,0]],"o":[[0,0],[0,0],[0,0],[0,0]],"v":[[126.5,182.5],[125.75,182.5],[125.75,195.25],[126.5,195.25]],"c":true}],"e":[{"i":[[0,0],[0,0],[0,0],[0,0]],"o":[[0,0],[0,0],[0,0],[0,0]],"v":[[221.5,182.5],[125.75,182.5],[125.75,195.25],[221.5,195.25]],"c":true}]},{"i":{"x":0.667,"y":1},"o":{"x":0.333,"y":0},"n":"0p667_1_0p333_0","t":25,"s":[{"i":[[0,0],[0,0],[0,0],[0,0]],"o":[[0,0],[0,0],[0,0],[0,0]],"v":[[221.5,182.5],[125.75,182.5],[125.75,195.25],[221.5,195.25]],"c":true}],"e":[{"i":[[0,0],[0,0],[0,0],[0,0]],"o":[[0,0],[0,0],[0,0],[0,0]],"v":[[221.5,182.5],[125.75,182.5],[125.75,195.25],[221.5,195.25]],"c":true}]},{"i":{"x":0.833,"y":0.833},"o":{"x":0.333,"y":0},"n":"0p833_0p833_0p333_0","t":105,"s":[{"i":[[0,0],[0,0],[0,0],[0,0]],"o":[[0,0],[0,0],[0,0],[0,0]],"v":[[221.5,182.5],[125.75,182.5],[125.75,195.25],[221.5,195.25]],"c":true}],"e":[{"i":[[0,0],[0,0],[0,0],[0,0]],"o":[[0,0],[0,0],[0,0],[0,0]],"v":[[126.5,182.5],[125.75,182.5],[125.75,195.25],[126.5,195.25]],"c":true}]},{"t":125}],"ix":1},"o":{"a":0,"k":100,"ix":3},"x":{"a":0,"k":0,"ix":4},"nm":"Mask 1"}],"shapes":[{"ty":"gr","it":[{"ind":0,"ty":"sh","ix":1,"ks":{"a":0,"k":{"i":[[0,0],[0,0],[0,0],[0,0]],"o":[[0,0],[0,0],[0,0],[0,0]],"v":[[46.211,4.48],[-46.211,4.48],[-46.211,-4.48],[46.211,-4.48]],"c":true},"ix":2},"nm":"Path 1","mn":"ADBE Vector Shape - Group","hd":false},{"ty":"fl","c":{"a":0,"k":[0.862744978362,0.321568986481,0.490195988674,1],"ix":4},"o":{"a":0,"k":100,"ix":5},"r":1,"nm":"Fill 1","mn":"ADBE Vector Graphic - Fill","hd":false},{"ty":"tr","p":{"a":0,"k":[173.447,188.707],"ix":2},"a":{"a":0,"k":[0,0],"ix":1},"s":{"a":0,"k":[100,100],"ix":3},"r":{"a":0,"k":0,"ix":6},"o":{"a":0,"k":100,"ix":7},"sk":{"a":0,"k":0,"ix":4},"sa":{"a":0,"k":0,"ix":5},"nm":"Transform"}],"nm":"Group 9","np":2,"cix":2,"ix":1,"mn":"ADBE Vector Group","hd":false}],"ip":5,"op":126,"st":5,"bm":0},{"ddd":0,"ind":10,"ty":4,"nm":"line-program/Program Outlines - Group 10","sr":1,"ks":{"o":{"a":0,"k":100,"ix":11},"r":{"a":0,"k":0,"ix":10},"p":{"a":0,"k":[252.768,175.017,0],"ix":2},"a":{"a":0,"k":[252.768,175.017,0],"ix":1},"s":{"a":0,"k":[100,100,100],"ix":6}},"ao":0,"hasMask":true,"masksProperties":[{"inv":false,"mode":"a","pt":{"a":1,"k":[{"i":{"x":0.667,"y":1},"o":{"x":0.167,"y":0.167},"n":"0p667_1_0p167_0p167","t":12,"s":[{"i":[[0,0],[0,0],[0,0],[0,0]],"o":[[0,0],[0,0],[0,0],[0,0]],"v":[[222.75,169.5],[222.5,169.5],[222.5,181.25],[222.75,181.25]],"c":true}],"e":[{"i":[[0,0],[0,0],[0,0],[0,0]],"o":[[0,0],[0,0],[0,0],[0,0]],"v":[[284.75,169.5],[222.5,169.5],[222.5,181.25],[284.75,181.25]],"c":true}]},{"i":{"x":0.667,"y":1},"o":{"x":0.333,"y":0},"n":"0p667_1_0p333_0","t":32,"s":[{"i":[[0,0],[0,0],[0,0],[0,0]],"o":[[0,0],[0,0],[0,0],[0,0]],"v":[[284.75,169.5],[222.5,169.5],[222.5,181.25],[284.75,181.25]],"c":true}],"e":[{"i":[[0,0],[0,0],[0,0],[0,0]],"o":[[0,0],[0,0],[0,0],[0,0]],"v":[[284.75,169.5],[222.5,169.5],[222.5,181.25],[284.75,181.25]],"c":true}]},{"i":{"x":0.833,"y":0.833},"o":{"x":0.333,"y":0},"n":"0p833_0p833_0p333_0","t":112,"s":[{"i":[[0,0],[0,0],[0,0],[0,0]],"o":[[0,0],[0,0],[0,0],[0,0]],"v":[[284.75,169.5],[222.5,169.5],[222.5,181.25],[284.75,181.25]],"c":true}],"e":[{"i":[[0,0],[0,0],[0,0],[0,0]],"o":[[0,0],[0,0],[0,0],[0,0]],"v":[[222.75,169.5],[222.5,169.5],[222.5,181.25],[222.75,181.25]],"c":true}]},{"t":132}],"ix":1},"o":{"a":0,"k":100,"ix":3},"x":{"a":0,"k":0,"ix":4},"nm":"Mask 1"}],"shapes":[{"ty":"gr","it":[{"ind":0,"ty":"sh","ix":1,"ks":{"a":0,"k":{"i":[[0,0],[0,0],[0,0],[0,0]],"o":[[0,0],[0,0],[0,0],[0,0]],"v":[[29.434,4.48],[-29.434,4.48],[-29.434,-4.48],[29.434,-4.48]],"c":true},"ix":2},"nm":"Path 1","mn":"ADBE Vector Shape - Group","hd":false},{"ty":"fl","c":{"a":0,"k":[0.31372498157,0.721568986481,0.419607992733,1],"ix":4},"o":{"a":0,"k":100,"ix":5},"r":1,"nm":"Fill 1","mn":"ADBE Vector Graphic - Fill","hd":false},{"ty":"tr","p":{"a":0,"k":[252.768,175.017],"ix":2},"a":{"a":0,"k":[0,0],"ix":1},"s":{"a":0,"k":[100,100],"ix":3},"r":{"a":0,"k":0,"ix":6},"o":{"a":0,"k":100,"ix":7},"sk":{"a":0,"k":0,"ix":4},"sa":{"a":0,"k":0,"ix":5},"nm":"Transform"}],"nm":"Group 10","np":2,"cix":2,"ix":1,"mn":"ADBE Vector Group","hd":false}],"ip":12,"op":133,"st":12,"bm":0},{"ddd":0,"ind":11,"ty":4,"nm":"line-program/Program Outlines - Group 11","sr":1,"ks":{"o":{"a":0,"k":100,"ix":11},"r":{"a":0,"k":0,"ix":10},"p":{"a":0,"k":[164.511,175.017,0],"ix":2},"a":{"a":0,"k":[164.511,175.017,0],"ix":1},"s":{"a":0,"k":[100,100,100],"ix":6}},"ao":0,"hasMask":true,"masksProperties":[{"inv":false,"mode":"a","pt":{"a":1,"k":[{"i":{"x":0.667,"y":1},"o":{"x":0.167,"y":0.167},"n":"0p667_1_0p167_0p167","t":17,"s":[{"i":[[0,0],[0,0],[0,0],[0,0]],"o":[[0,0],[0,0],[0,0],[0,0]],"v":[[111.5,168.75],[110.5,168.75],[110.5,181.75],[111.5,181.75]],"c":true}],"e":[{"i":[[0,0],[0,0],[0,0],[0,0]],"o":[[0,0],[0,0],[0,0],[0,0]],"v":[[219,168.75],[110.5,168.75],[110.5,181.75],[219,181.75]],"c":true}]},{"i":{"x":0.667,"y":1},"o":{"x":0.333,"y":0},"n":"0p667_1_0p333_0","t":37,"s":[{"i":[[0,0],[0,0],[0,0],[0,0]],"o":[[0,0],[0,0],[0,0],[0,0]],"v":[[219,168.75],[110.5,168.75],[110.5,181.75],[219,181.75]],"c":true}],"e":[{"i":[[0,0],[0,0],[0,0],[0,0]],"o":[[0,0],[0,0],[0,0],[0,0]],"v":[[219,168.75],[110.5,168.75],[110.5,181.75],[219,181.75]],"c":true}]},{"i":{"x":0.833,"y":0.833},"o":{"x":0.333,"y":0},"n":"0p833_0p833_0p333_0","t":117,"s":[{"i":[[0,0],[0,0],[0,0],[0,0]],"o":[[0,0],[0,0],[0,0],[0,0]],"v":[[219,168.75],[110.5,168.75],[110.5,181.75],[219,181.75]],"c":true}],"e":[{"i":[[0,0],[0,0],[0,0],[0,0]],"o":[[0,0],[0,0],[0,0],[0,0]],"v":[[111.5,168.75],[110.5,168.75],[110.5,181.75],[111.5,181.75]],"c":true}]},{"t":137}],"ix":1},"o":{"a":0,"k":100,"ix":3},"x":{"a":0,"k":0,"ix":4},"nm":"Mask 1"}],"shapes":[{"ty":"gr","it":[{"ind":0,"ty":"sh","ix":1,"ks":{"a":0,"k":{"i":[[0,0],[0,0],[0,0],[0,0]],"o":[[0,0],[0,0],[0,0],[0,0]],"v":[[52.25,4.48],[-52.25,4.48],[-52.25,-4.48],[52.25,-4.48]],"c":true},"ix":2},"nm":"Path 1","mn":"ADBE Vector Shape - Group","hd":false},{"ty":"fl","c":{"a":0,"k":[1,1,1,1],"ix":4},"o":{"a":0,"k":100,"ix":5},"r":1,"nm":"Fill 1","mn":"ADBE Vector Graphic - Fill","hd":false},{"ty":"tr","p":{"a":0,"k":[164.511,175.017],"ix":2},"a":{"a":0,"k":[0,0],"ix":1},"s":{"a":0,"k":[100,100],"ix":3},"r":{"a":0,"k":0,"ix":6},"o":{"a":0,"k":100,"ix":7},"sk":{"a":0,"k":0,"ix":4},"sa":{"a":0,"k":0,"ix":5},"nm":"Transform"}],"nm":"Group 11","np":2,"cix":2,"ix":1,"mn":"ADBE Vector Group","hd":false}],"ip":17,"op":138,"st":17,"bm":0},{"ddd":0,"ind":12,"ty":4,"nm":"line-program/Program Outlines - Group 12","sr":1,"ks":{"o":{"a":0,"k":100,"ix":11},"r":{"a":0,"k":0,"ix":10},"p":{"a":0,"k":[208.012,161.327,0],"ix":2},"a":{"a":0,"k":[208.012,161.327,0],"ix":1},"s":{"a":0,"k":[100,100,100],"ix":6}},"ao":0,"hasMask":true,"masksProperties":[{"inv":false,"mode":"a","pt":{"a":1,"k":[{"i":{"x":0.667,"y":1},"o":{"x":0.167,"y":0.167},"n":"0p667_1_0p167_0p167","t":8,"s":[{"i":[[0,0],[0,0],[0,0],[0,0]],"o":[[0,0],[0,0],[0,0],[0,0]],"v":[[154.75,155.25],[153.75,155.25],[153.75,167.75],[154.75,167.75]],"c":true}],"e":[{"i":[[0,0],[0,0],[0,0],[0,0]],"o":[[0,0],[0,0],[0,0],[0,0]],"v":[[262.25,155.25],[153.75,155.25],[153.75,167.75],[262.25,167.75]],"c":true}]},{"i":{"x":0.667,"y":1},"o":{"x":0.333,"y":0},"n":"0p667_1_0p333_0","t":28,"s":[{"i":[[0,0],[0,0],[0,0],[0,0]],"o":[[0,0],[0,0],[0,0],[0,0]],"v":[[262.25,155.25],[153.75,155.25],[153.75,167.75],[262.25,167.75]],"c":true}],"e":[{"i":[[0,0],[0,0],[0,0],[0,0]],"o":[[0,0],[0,0],[0,0],[0,0]],"v":[[262.25,155.25],[153.75,155.25],[153.75,167.75],[262.25,167.75]],"c":true}]},{"i":{"x":0.833,"y":0.833},"o":{"x":0.333,"y":0},"n":"0p833_0p833_0p333_0","t":108,"s":[{"i":[[0,0],[0,0],[0,0],[0,0]],"o":[[0,0],[0,0],[0,0],[0,0]],"v":[[262.25,155.25],[153.75,155.25],[153.75,167.75],[262.25,167.75]],"c":true}],"e":[{"i":[[0,0],[0,0],[0,0],[0,0]],"o":[[0,0],[0,0],[0,0],[0,0]],"v":[[154.75,155.25],[153.75,155.25],[153.75,167.75],[154.75,167.75]],"c":true}]},{"t":128}],"ix":1},"o":{"a":0,"k":100,"ix":3},"x":{"a":0,"k":0,"ix":4},"nm":"Mask 1"}],"shapes":[{"ty":"gr","it":[{"ind":0,"ty":"sh","ix":1,"ks":{"a":0,"k":{"i":[[0,0],[0,0],[0,0],[0,0]],"o":[[0,0],[0,0],[0,0],[0,0]],"v":[[52.25,4.48],[-52.25,4.48],[-52.25,-4.48],[52.25,-4.48]],"c":true},"ix":2},"nm":"Path 1","mn":"ADBE Vector Shape - Group","hd":false},{"ty":"fl","c":{"a":0,"k":[0.666666965859,0.749019966873,0.811765005074,1],"ix":4},"o":{"a":0,"k":100,"ix":5},"r":1,"nm":"Fill 1","mn":"ADBE Vector Graphic - Fill","hd":false},{"ty":"tr","p":{"a":0,"k":[208.012,161.327],"ix":2},"a":{"a":0,"k":[0,0],"ix":1},"s":{"a":0,"k":[100,100],"ix":3},"r":{"a":0,"k":0,"ix":6},"o":{"a":0,"k":100,"ix":7},"sk":{"a":0,"k":0,"ix":4},"sa":{"a":0,"k":0,"ix":5},"nm":"Transform"}],"nm":"Group 12","np":2,"cix":2,"ix":1,"mn":"ADBE Vector Group","hd":false}],"ip":8,"op":129,"st":8,"bm":0},{"ddd":0,"ind":13,"ty":4,"nm":"line-program/Program Outlines - Group 13","sr":1,"ks":{"o":{"a":0,"k":100,"ix":11},"r":{"a":0,"k":0,"ix":10},"p":{"a":0,"k":[122.207,161.327,0],"ix":2},"a":{"a":0,"k":[122.207,161.327,0],"ix":1},"s":{"a":0,"k":[100,100,100],"ix":6}},"ao":0,"hasMask":true,"masksProperties":[{"inv":false,"mode":"a","pt":{"a":1,"k":[{"i":{"x":0.667,"y":1},"o":{"x":0.167,"y":0.167},"n":"0p667_1_0p167_0p167","t":3,"s":[{"i":[[0,0],[0,0],[0,0],[0,0]],"o":[[0,0],[0,0],[0,0],[0,0]],"v":[[92.25,154.75],[90.75,154.75],[90.75,167.75],[92.25,167.75]],"c":true}],"e":[{"i":[[0,0],[0,0],[0,0],[0,0]],"o":[[0,0],[0,0],[0,0],[0,0]],"v":[[153.5,154.75],[90.75,154.75],[90.75,167.75],[153.5,167.75]],"c":true}]},{"i":{"x":0.667,"y":1},"o":{"x":0.333,"y":0},"n":"0p667_1_0p333_0","t":23,"s":[{"i":[[0,0],[0,0],[0,0],[0,0]],"o":[[0,0],[0,0],[0,0],[0,0]],"v":[[153.5,154.75],[90.75,154.75],[90.75,167.75],[153.5,167.75]],"c":true}],"e":[{"i":[[0,0],[0,0],[0,0],[0,0]],"o":[[0,0],[0,0],[0,0],[0,0]],"v":[[153.5,154.75],[90.75,154.75],[90.75,167.75],[153.5,167.75]],"c":true}]},{"i":{"x":0.833,"y":0.833},"o":{"x":0.333,"y":0},"n":"0p833_0p833_0p333_0","t":103,"s":[{"i":[[0,0],[0,0],[0,0],[0,0]],"o":[[0,0],[0,0],[0,0],[0,0]],"v":[[153.5,154.75],[90.75,154.75],[90.75,167.75],[153.5,167.75]],"c":true}],"e":[{"i":[[0,0],[0,0],[0,0],[0,0]],"o":[[0,0],[0,0],[0,0],[0,0]],"v":[[92.25,154.75],[90.75,154.75],[90.75,167.75],[92.25,167.75]],"c":true}]},{"t":123}],"ix":1},"o":{"a":0,"k":100,"ix":3},"x":{"a":0,"k":0,"ix":4},"nm":"Mask 1"}],"shapes":[{"ty":"gr","it":[{"ind":0,"ty":"sh","ix":1,"ks":{"a":0,"k":{"i":[[0,0],[0,0],[0,0],[0,0]],"o":[[0,0],[0,0],[0,0],[0,0]],"v":[[29.433,4.48],[-29.433,4.48],[-29.433,-4.48],[29.433,-4.48]],"c":true},"ix":2},"nm":"Path 1","mn":"ADBE Vector Shape - Group","hd":false},{"ty":"fl","c":{"a":0,"k":[0.168626987233,0.701960963829,0.803921987496,1],"ix":4},"o":{"a":0,"k":100,"ix":5},"r":1,"nm":"Fill 1","mn":"ADBE Vector Graphic - Fill","hd":false},{"ty":"tr","p":{"a":0,"k":[122.207,161.327],"ix":2},"a":{"a":0,"k":[0,0],"ix":1},"s":{"a":0,"k":[100,100],"ix":3},"r":{"a":0,"k":0,"ix":6},"o":{"a":0,"k":100,"ix":7},"sk":{"a":0,"k":0,"ix":4},"sa":{"a":0,"k":0,"ix":5},"nm":"Transform"}],"nm":"Group 13","np":2,"cix":2,"ix":1,"mn":"ADBE Vector Group","hd":false}],"ip":3,"op":124,"st":3,"bm":0},{"ddd":0,"ind":14,"ty":4,"nm":"line-program/Program Outlines - Group 14","sr":1,"ks":{"o":{"a":0,"k":100,"ix":11},"r":{"a":0,"k":0,"ix":10},"p":{"a":0,"k":[235.991,147.542,0],"ix":2},"a":{"a":0,"k":[235.991,147.542,0],"ix":1},"s":{"a":0,"k":[100,100,100],"ix":6}},"ao":0,"hasMask":true,"masksProperties":[{"inv":true,"mode":"a","pt":{"a":1,"k":[{"i":{"x":0.667,"y":1},"o":{"x":0.167,"y":0.167},"n":"0p667_1_0p167_0p167","t":11,"s":[{"i":[[0,0],[0,0],[0,0],[0,0]],"o":[[0,0],[0,0],[0,0],[0,0]],"v":[[285,140.5],[188,140.5],[188,154.25],[285,154.25]],"c":true}],"e":[{"i":[[0,0],[0,0],[0,0],[0,0]],"o":[[0,0],[0,0],[0,0],[0,0]],"v":[[285,140.5],[285,140.5],[285,154.25],[285,154.25]],"c":true}]},{"i":{"x":0.667,"y":1},"o":{"x":0.333,"y":0},"n":"0p667_1_0p333_0","t":31,"s":[{"i":[[0,0],[0,0],[0,0],[0,0]],"o":[[0,0],[0,0],[0,0],[0,0]],"v":[[285,140.5],[285,140.5],[285,154.25],[285,154.25]],"c":true}],"e":[{"i":[[0,0],[0,0],[0,0],[0,0]],"o":[[0,0],[0,0],[0,0],[0,0]],"v":[[285,140.5],[285,140.5],[285,154.25],[285,154.25]],"c":true}]},{"i":{"x":0.833,"y":0.833},"o":{"x":0.333,"y":0},"n":"0p833_0p833_0p333_0","t":111,"s":[{"i":[[0,0],[0,0],[0,0],[0,0]],"o":[[0,0],[0,0],[0,0],[0,0]],"v":[[285,140.5],[285,140.5],[285,154.25],[285,154.25]],"c":true}],"e":[{"i":[[0,0],[0,0],[0,0],[0,0]],"o":[[0,0],[0,0],[0,0],[0,0]],"v":[[285,140.5],[188,140.5],[188,154.25],[285,154.25]],"c":true}]},{"t":131}],"ix":1},"o":{"a":0,"k":100,"ix":3},"x":{"a":0,"k":0,"ix":4},"nm":"Mask 1"}],"shapes":[{"ty":"gr","it":[{"ind":0,"ty":"sh","ix":1,"ks":{"a":0,"k":{"i":[[0,0],[0,0],[0,0],[0,0]],"o":[[0,0],[0,0],[0,0],[0,0]],"v":[[46.211,4.48],[-46.211,4.48],[-46.211,-4.48],[46.211,-4.48]],"c":true},"ix":2},"nm":"Path 1","mn":"ADBE Vector Shape - Group","hd":false},{"ty":"fl","c":{"a":0,"k":[1,1,1,1],"ix":4},"o":{"a":0,"k":100,"ix":5},"r":1,"nm":"Fill 1","mn":"ADBE Vector Graphic - Fill","hd":false},{"ty":"tr","p":{"a":0,"k":[235.991,147.542],"ix":2},"a":{"a":0,"k":[0,0],"ix":1},"s":{"a":0,"k":[100,100],"ix":3},"r":{"a":0,"k":0,"ix":6},"o":{"a":0,"k":100,"ix":7},"sk":{"a":0,"k":0,"ix":4},"sa":{"a":0,"k":0,"ix":5},"nm":"Transform"}],"nm":"Group 14","np":2,"cix":2,"ix":1,"mn":"ADBE Vector Group","hd":false}],"ip":11,"op":132,"st":11,"bm":0},{"ddd":0,"ind":15,"ty":4,"nm":"line-program/Program Outlines - Group 15","sr":1,"ks":{"o":{"a":0,"k":100,"ix":11},"r":{"a":0,"k":0,"ix":10},"p":{"a":0,"k":[138.984,147.542,0],"ix":2},"a":{"a":0,"k":[138.984,147.542,0],"ix":1},"s":{"a":0,"k":[100,100,100],"ix":6}},"ao":0,"hasMask":true,"masksProperties":[{"inv":true,"mode":"a","pt":{"a":1,"k":[{"i":{"x":0.667,"y":1},"o":{"x":0.167,"y":0.167},"n":"0p667_1_0p167_0p167","t":23,"s":[{"i":[[0,0],[0,0],[0,0],[0,0]],"o":[[0,0],[0,0],[0,0],[0,0]],"v":[[187.25,141.75],[84.875,141.375],[84.875,153.125],[187.25,153.5]],"c":true}],"e":[{"i":[[0,0],[0,0],[0,0],[0,0]],"o":[[0,0],[0,0],[0,0],[0,0]],"v":[[187.25,141.75],[187.375,141.25],[187.375,153],[187.25,153.5]],"c":true}]},{"i":{"x":0.667,"y":1},"o":{"x":0.333,"y":0},"n":"0p667_1_0p333_0","t":43,"s":[{"i":[[0,0],[0,0],[0,0],[0,0]],"o":[[0,0],[0,0],[0,0],[0,0]],"v":[[187.25,141.75],[187.375,141.25],[187.375,153],[187.25,153.5]],"c":true}],"e":[{"i":[[0,0],[0,0],[0,0],[0,0]],"o":[[0,0],[0,0],[0,0],[0,0]],"v":[[187.25,141.75],[187.375,141.25],[187.375,153],[187.25,153.5]],"c":true}]},{"i":{"x":0.833,"y":0.833},"o":{"x":0.333,"y":0},"n":"0p833_0p833_0p333_0","t":123,"s":[{"i":[[0,0],[0,0],[0,0],[0,0]],"o":[[0,0],[0,0],[0,0],[0,0]],"v":[[187.25,141.75],[187.375,141.25],[187.375,153],[187.25,153.5]],"c":true}],"e":[{"i":[[0,0],[0,0],[0,0],[0,0]],"o":[[0,0],[0,0],[0,0],[0,0]],"v":[[187.25,141.75],[84.875,141.375],[84.875,153.125],[187.25,153.5]],"c":true}]},{"t":143}],"ix":1},"o":{"a":0,"k":100,"ix":3},"x":{"a":0,"k":0,"ix":4},"nm":"Mask 1"}],"shapes":[{"ty":"gr","it":[{"ind":0,"ty":"sh","ix":1,"ks":{"a":0,"k":{"i":[[0,0],[0,0],[0,0],[0,0]],"o":[[0,0],[0,0],[0,0],[0,0]],"v":[[46.211,4.48],[-46.211,4.48],[-46.211,-4.48],[46.211,-4.48]],"c":true},"ix":2},"nm":"Path 1","mn":"ADBE Vector Shape - Group","hd":false},{"ty":"fl","c":{"a":0,"k":[0.862744978362,0.321568986481,0.490195988674,1],"ix":4},"o":{"a":0,"k":100,"ix":5},"r":1,"nm":"Fill 1","mn":"ADBE Vector Graphic - Fill","hd":false},{"ty":"tr","p":{"a":0,"k":[92.734,147.542],"ix":2},"a":{"a":0,"k":[-46.25,0],"ix":1},"s":{"a":0,"k":[100,100],"ix":3},"r":{"a":0,"k":0,"ix":6},"o":{"a":0,"k":100,"ix":7},"sk":{"a":0,"k":0,"ix":4},"sa":{"a":0,"k":0,"ix":5},"nm":"Transform"}],"nm":"Group 15","np":2,"cix":2,"ix":1,"mn":"ADBE Vector Group","hd":false}],"ip":23,"op":144,"st":23,"bm":0}]},{"id":"comp_3","layers":[{"ddd":0,"ind":2,"ty":4,"nm":"BG Outlines - Group 1","sr":1,"ks":{"o":{"a":0,"k":100,"ix":11},"r":{"a":1,"k":[{"i":{"x":[0.833],"y":[0.833]},"o":{"x":[0.167],"y":[0.167]},"n":["0p833_0p833_0p167_0p167"],"t":0,"s":[0],"e":[27]},{"t":179}],"ix":10},"p":{"a":0,"k":[185.02,203.219,0],"ix":2},"a":{"a":0,"k":[192.645,192.969,0],"ix":1},"s":{"a":0,"k":[79,79,100],"ix":6}},"ao":0,"ef":[{"ty":5,"nm":"Wave Warp","np":10,"mn":"ADBE Wave Warp","ix":1,"en":1,"ef":[{"ty":7,"nm":"Wave Type","mn":"ADBE Wave Warp-0001","ix":1,"v":{"a":0,"k":1,"ix":1}},{"ty":0,"nm":"Wave Height","mn":"ADBE Wave Warp-0002","ix":2,"v":{"a":0,"k":-3,"ix":2}},{"ty":0,"nm":"Wave Width","mn":"ADBE Wave Warp-0003","ix":3,"v":{"a":0,"k":82.2,"ix":3}},{"ty":0,"nm":"Direction","mn":"ADBE Wave Warp-0004","ix":4,"v":{"a":0,"k":90,"ix":4}},{"ty":7,"nm":"Wave Speed","mn":"ADBE Wave Warp-0005","ix":5,"v":{"a":0,"k":0.14,"ix":5}},{"ty":7,"nm":"Pinning","mn":"ADBE Wave Warp-0006","ix":6,"v":{"a":0,"k":1,"ix":6}},{"ty":0,"nm":"Phase","mn":"ADBE Wave Warp-0007","ix":7,"v":{"a":0,"k":0,"ix":7}},{"ty":7,"nm":"Antialiasing (Best Quality)","mn":"ADBE Wave Warp-0008","ix":8,"v":{"a":0,"k":1,"ix":8}}]}],"shapes":[{"ty":"gr","it":[{"ind":0,"ty":"sh","ix":1,"ks":{"a":1,"k":[{"i":{"x":0.667,"y":1},"o":{"x":0.167,"y":0.167},"n":"0p667_1_0p167_0p167","t":0,"s":[{"i":[[-2.559,3.337],[-2.766,3.606],[-3.873,3.107],[-13.522,5.71],[-5.563,1.539],[-37.861,-18.51],[-4.899,-3.497],[-23.979,-15.902],[9.195,-20.692],[3.082,-23.991],[5.41,-9.726],[3.586,-4.866],[9.163,-8.134],[4.059,-3.564],[31.06,-1.7],[6.237,-0.839],[27.932,19.642],[4.237,2.534],[3.828,3.011],[25.082,30.312],[-10.5,28.044],[-2.242,5.327],[-3.625,4.983]],"o":[[2.83,-3.536],[8.297,-10.819],[11.613,-9.309],[5.409,-2.284],[41.96,-4.731],[5.409,2.644],[19.042,20.77],[20.158,13.84],[-9.256,22.633],[-1.129,11.231],[-2.999,5.184],[-7.172,9.732],[-3.715,4.048],[-20.293,17.802],[-6.525,1.252],[-31.172,4.235],[-4.693,-2.057],[-4.237,-2.534],[-27.849,-27.285],[-23.202,-28.311],[1.746,-5.492],[2.242,-5.327],[2.191,-3.433]],"v":[[-136.064,-79.498],[-127.709,-90.244],[-89.289,-130.948],[-51.374,-153.54],[-34.882,-159.323],[93.984,-146.756],[109.472,-137.568],[177.708,-87.285],[192.94,-27.754],[178.697,42.509],[166.796,73.4],[156.908,88.485],[132.261,115.407],[120.66,126.839],[43.174,157.738],[24.173,161.031],[-66.912,139.745],[-80.296,132.873],[-92.381,124.543],[-178.933,48.799],[-157.671,-37.573],[-151.965,-53.849],[-143.211,-69.335]],"c":true}],"e":[{"i":[[-2.559,3.337],[-2.766,3.607],[-3.873,3.107],[-13.522,5.71],[-5.563,1.539],[-37.861,-18.51],[-4.899,-3.497],[-23.979,-15.902],[9.195,-20.692],[3.082,-23.991],[5.41,-9.726],[3.586,-4.866],[9.163,-8.134],[4.059,-3.564],[31.06,-1.7],[6.237,-0.839],[27.932,19.642],[4.237,2.534],[3.828,3.011],[25.082,30.312],[-10.5,28.044],[-2.242,5.327],[-3.625,4.983]],"o":[[2.83,-3.536],[8.297,-10.819],[11.613,-9.309],[5.409,-2.284],[76.395,-57.131],[5.409,2.644],[19.042,20.77],[20.158,13.84],[-9.256,22.633],[-1.128,11.232],[-2.999,5.184],[-7.172,9.732],[-3.715,4.048],[-20.293,17.802],[-6.525,1.252],[-31.172,4.235],[-4.693,-2.057],[-4.237,-2.534],[-27.849,-27.285],[-23.202,-28.311],[1.746,-5.492],[2.242,-5.327],[2.191,-3.433]],"v":[[-167.947,-97.291],[-159.592,-108.037],[-121.172,-148.741],[-83.257,-171.333],[-66.765,-177.116],[121.509,-167.981],[136.997,-158.793],[177.708,-87.285],[202.871,-14.573],[188.628,55.691],[172.18,93.29],[162.292,108.375],[137.645,135.297],[126.044,146.729],[38.063,173.38],[19.062,176.673],[-69.862,166.644],[-83.246,159.772],[-95.331,151.442],[-181.883,75.698],[-189.554,-55.366],[-183.848,-71.642],[-175.094,-87.129]],"c":true}]},{"i":{"x":0.833,"y":0.833},"o":{"x":0.333,"y":0},"n":"0p833_0p833_0p333_0","t":30,"s":[{"i":[[-2.559,3.337],[-2.766,3.607],[-3.873,3.107],[-13.522,5.71],[-5.563,1.539],[-37.861,-18.51],[-4.899,-3.497],[-23.979,-15.902],[9.195,-20.692],[3.082,-23.991],[5.41,-9.726],[3.586,-4.866],[9.163,-8.134],[4.059,-3.564],[31.06,-1.7],[6.237,-0.839],[27.932,19.642],[4.237,2.534],[3.828,3.011],[25.082,30.312],[-10.5,28.044],[-2.242,5.327],[-3.625,4.983]],"o":[[2.83,-3.536],[8.297,-10.819],[11.613,-9.309],[5.409,-2.284],[76.395,-57.131],[5.409,2.644],[19.042,20.77],[20.158,13.84],[-9.256,22.633],[-1.128,11.232],[-2.999,5.184],[-7.172,9.732],[-3.715,4.048],[-20.293,17.802],[-6.525,1.252],[-31.172,4.235],[-4.693,-2.057],[-4.237,-2.534],[-27.849,-27.285],[-23.202,-28.311],[1.746,-5.492],[2.242,-5.327],[2.191,-3.433]],"v":[[-167.947,-97.291],[-159.592,-108.037],[-121.172,-148.741],[-83.257,-171.333],[-66.765,-177.116],[121.509,-167.981],[136.997,-158.793],[177.708,-87.285],[202.871,-14.573],[188.628,55.691],[172.18,93.29],[162.292,108.375],[137.645,135.297],[126.044,146.729],[38.063,173.38],[19.062,176.673],[-69.862,166.644],[-83.246,159.772],[-95.331,151.442],[-181.883,75.698],[-189.554,-55.366],[-183.848,-71.642],[-175.094,-87.129]],"c":true}],"e":[{"i":[[-2.559,3.337],[-2.766,3.607],[-3.873,3.107],[-13.522,5.71],[-5.563,1.539],[-89.09,-48.097],[-4.899,-3.497],[-23.979,-15.902],[9.195,-20.692],[3.082,-23.991],[5.41,-9.726],[3.586,-4.866],[9.163,-8.134],[4.059,-3.564],[31.06,-1.7],[6.237,-0.839],[27.932,19.642],[4.237,2.534],[3.828,3.011],[25.082,30.312],[-10.5,28.044],[-2.242,5.327],[-3.625,4.983]],"o":[[2.83,-3.536],[8.297,-10.819],[11.613,-9.309],[5.409,-2.284],[116.054,74.993],[5.298,2.86],[19.042,20.77],[20.158,13.84],[-7.58,40.444],[-1.128,11.231],[-2.999,5.184],[-7.172,9.732],[-3.715,4.048],[-20.293,17.802],[-6.525,1.252],[-31.172,4.235],[-4.693,-2.057],[-4.237,-2.534],[-27.849,-27.285],[-23.202,-28.311],[1.746,-5.492],[2.242,-5.327],[2.191,-3.433]],"v":[[-122.823,-63.462],[-114.469,-74.208],[-76.048,-114.912],[-37.592,-126.054],[-8.256,-123.629],[121.51,-167.981],[136.997,-158.793],[177.708,-87.285],[202.871,-14.573],[162.2,26.574],[158.85,65.932],[151.804,90.819],[137.214,108.448],[113.566,116.672],[38.063,173.38],[10.622,163.918],[-69.862,166.644],[-83.246,159.772],[-95.331,151.442],[-137.279,66.03],[-144.43,-21.537],[-138.725,-37.813],[-129.97,-53.299]],"c":true}]},{"i":{"x":0.667,"y":1},"o":{"x":0.167,"y":0.167},"n":"0p667_1_0p167_0p167","t":60,"s":[{"i":[[-2.559,3.337],[-2.766,3.607],[-3.873,3.107],[-13.522,5.71],[-5.563,1.539],[-89.09,-48.097],[-4.899,-3.497],[-23.979,-15.902],[9.195,-20.692],[3.082,-23.991],[5.41,-9.726],[3.586,-4.866],[9.163,-8.134],[4.059,-3.564],[31.06,-1.7],[6.237,-0.839],[27.932,19.642],[4.237,2.534],[3.828,3.011],[25.082,30.312],[-10.5,28.044],[-2.242,5.327],[-3.625,4.983]],"o":[[2.83,-3.536],[8.297,-10.819],[11.613,-9.309],[5.409,-2.284],[116.054,74.993],[5.298,2.86],[19.042,20.77],[20.158,13.84],[-7.58,40.444],[-1.128,11.231],[-2.999,5.184],[-7.172,9.732],[-3.715,4.048],[-20.293,17.802],[-6.525,1.252],[-31.172,4.235],[-4.693,-2.057],[-4.237,-2.534],[-27.849,-27.285],[-23.202,-28.311],[1.746,-5.492],[2.242,-5.327],[2.191,-3.433]],"v":[[-122.823,-63.462],[-114.469,-74.208],[-76.048,-114.912],[-37.592,-126.054],[-8.256,-123.629],[121.51,-167.981],[136.997,-158.793],[177.708,-87.285],[202.871,-14.573],[162.2,26.574],[158.85,65.932],[151.804,90.819],[137.214,108.448],[113.566,116.672],[38.063,173.38],[10.622,163.918],[-69.862,166.644],[-83.246,159.772],[-95.331,151.442],[-137.279,66.03],[-144.43,-21.537],[-138.725,-37.813],[-129.97,-53.299]],"c":true}],"e":[{"i":[[-2.559,3.337],[-2.766,3.607],[-3.873,3.107],[-13.522,5.71],[-5.563,1.539],[-37.861,-18.51],[-4.899,-3.497],[-23.979,-15.902],[9.195,-20.692],[3.082,-23.991],[5.41,-9.726],[3.586,-4.866],[9.163,-8.134],[4.059,-3.564],[31.06,-1.7],[6.237,-0.839],[27.932,19.642],[4.237,2.534],[3.828,3.011],[25.082,30.312],[-10.5,28.044],[-2.242,5.327],[-3.625,4.983]],"o":[[2.83,-3.536],[8.297,-10.819],[11.613,-9.309],[5.409,-2.284],[76.395,-57.131],[5.409,2.644],[19.042,20.77],[20.158,13.84],[-9.256,22.633],[-1.128,11.232],[-2.999,5.184],[-7.172,9.732],[-3.715,4.048],[-20.293,17.802],[-6.525,1.252],[-31.172,4.235],[-4.693,-2.057],[-4.237,-2.534],[-27.849,-27.285],[-23.202,-28.311],[1.746,-5.492],[2.242,-5.327],[2.191,-3.433]],"v":[[-167.947,-97.291],[-159.592,-108.037],[-121.172,-148.741],[-83.257,-171.333],[-66.765,-177.116],[121.509,-167.981],[136.997,-158.793],[177.708,-87.285],[202.871,-14.573],[188.628,55.691],[172.18,93.29],[162.292,108.375],[137.645,135.297],[126.044,146.729],[38.063,173.38],[19.062,176.673],[-69.862,166.644],[-83.246,159.772],[-95.331,151.442],[-181.883,75.698],[-189.554,-55.366],[-183.848,-71.642],[-175.094,-87.129]],"c":true}]},{"i":{"x":0.833,"y":0.833},"o":{"x":0.333,"y":0},"n":"0p833_0p833_0p333_0","t":90,"s":[{"i":[[-2.559,3.337],[-2.766,3.607],[-3.873,3.107],[-13.522,5.71],[-5.563,1.539],[-37.861,-18.51],[-4.899,-3.497],[-23.979,-15.902],[9.195,-20.692],[3.082,-23.991],[5.41,-9.726],[3.586,-4.866],[9.163,-8.134],[4.059,-3.564],[31.06,-1.7],[6.237,-0.839],[27.932,19.642],[4.237,2.534],[3.828,3.011],[25.082,30.312],[-10.5,28.044],[-2.242,5.327],[-3.625,4.983]],"o":[[2.83,-3.536],[8.297,-10.819],[11.613,-9.309],[5.409,-2.284],[76.395,-57.131],[5.409,2.644],[19.042,20.77],[20.158,13.84],[-9.256,22.633],[-1.128,11.232],[-2.999,5.184],[-7.172,9.732],[-3.715,4.048],[-20.293,17.802],[-6.525,1.252],[-31.172,4.235],[-4.693,-2.057],[-4.237,-2.534],[-27.849,-27.285],[-23.202,-28.311],[1.746,-5.492],[2.242,-5.327],[2.191,-3.433]],"v":[[-167.947,-97.291],[-159.592,-108.037],[-121.172,-148.741],[-83.257,-171.333],[-66.765,-177.116],[121.509,-167.981],[136.997,-158.793],[177.708,-87.285],[202.871,-14.573],[188.628,55.691],[172.18,93.29],[162.292,108.375],[137.645,135.297],[126.044,146.729],[38.063,173.38],[19.062,176.673],[-69.862,166.644],[-83.246,159.772],[-95.331,151.442],[-181.883,75.698],[-189.554,-55.366],[-183.848,-71.642],[-175.094,-87.129]],"c":true}],"e":[{"i":[[-2.559,3.337],[-2.766,3.606],[-3.873,3.107],[-13.522,5.71],[-5.563,1.539],[-37.861,-18.51],[-4.899,-3.497],[-23.979,-15.902],[9.195,-20.692],[3.082,-23.991],[5.41,-9.726],[3.586,-4.866],[9.163,-8.134],[4.059,-3.564],[31.06,-1.7],[6.237,-0.839],[27.932,19.642],[4.237,2.534],[3.828,3.011],[25.082,30.312],[-10.5,28.044],[-2.242,5.327],[-3.625,4.983]],"o":[[2.83,-3.536],[8.297,-10.819],[11.613,-9.309],[5.409,-2.284],[41.96,-4.731],[5.409,2.644],[19.042,20.77],[20.158,13.84],[-9.256,22.633],[-1.129,11.231],[-2.999,5.184],[-7.172,9.732],[-3.715,4.048],[-20.293,17.802],[-6.525,1.252],[-31.172,4.235],[-4.693,-2.057],[-4.237,-2.534],[-27.849,-27.285],[-23.202,-28.311],[1.746,-5.492],[2.242,-5.327],[2.191,-3.433]],"v":[[-136.064,-79.498],[-127.709,-90.244],[-89.289,-130.948],[-51.374,-153.54],[-34.882,-159.323],[93.984,-146.756],[109.472,-137.568],[177.708,-87.285],[192.94,-27.754],[178.697,42.509],[166.796,73.4],[156.908,88.485],[132.261,115.407],[120.66,126.839],[43.174,157.738],[24.173,161.031],[-66.912,139.745],[-80.296,132.873],[-92.381,124.543],[-178.933,48.799],[-157.671,-37.573],[-151.965,-53.849],[-143.211,-69.335]],"c":true}]},{"i":{"x":0.667,"y":1},"o":{"x":0.167,"y":0.167},"n":"0p667_1_0p167_0p167","t":120,"s":[{"i":[[-2.559,3.337],[-2.766,3.606],[-3.873,3.107],[-13.522,5.71],[-5.563,1.539],[-37.861,-18.51],[-4.899,-3.497],[-23.979,-15.902],[9.195,-20.692],[3.082,-23.991],[5.41,-9.726],[3.586,-4.866],[9.163,-8.134],[4.059,-3.564],[31.06,-1.7],[6.237,-0.839],[27.932,19.642],[4.237,2.534],[3.828,3.011],[25.082,30.312],[-10.5,28.044],[-2.242,5.327],[-3.625,4.983]],"o":[[2.83,-3.536],[8.297,-10.819],[11.613,-9.309],[5.409,-2.284],[41.96,-4.731],[5.409,2.644],[19.042,20.77],[20.158,13.84],[-9.256,22.633],[-1.129,11.231],[-2.999,5.184],[-7.172,9.732],[-3.715,4.048],[-20.293,17.802],[-6.525,1.252],[-31.172,4.235],[-4.693,-2.057],[-4.237,-2.534],[-27.849,-27.285],[-23.202,-28.311],[1.746,-5.492],[2.242,-5.327],[2.191,-3.433]],"v":[[-136.064,-79.498],[-127.709,-90.244],[-89.289,-130.948],[-51.374,-153.54],[-34.882,-159.323],[93.984,-146.756],[109.472,-137.568],[177.708,-87.285],[192.94,-27.754],[178.697,42.509],[166.796,73.4],[156.908,88.485],[132.261,115.407],[120.66,126.839],[43.174,157.738],[24.173,161.031],[-66.912,139.745],[-80.296,132.873],[-92.381,124.543],[-178.933,48.799],[-157.671,-37.573],[-151.965,-53.849],[-143.211,-69.335]],"c":true}],"e":[{"i":[[-2.559,3.337],[-2.766,3.607],[-3.873,3.107],[-13.522,5.71],[-5.563,1.539],[-89.09,-48.097],[-4.899,-3.497],[-23.979,-15.902],[9.195,-20.692],[3.082,-23.991],[5.41,-9.726],[3.586,-4.866],[9.163,-8.134],[4.059,-3.564],[31.06,-1.7],[6.237,-0.839],[27.932,19.642],[4.237,2.534],[3.828,3.011],[25.082,30.312],[-10.5,28.044],[-2.242,5.327],[-3.625,4.983]],"o":[[2.83,-3.536],[8.297,-10.819],[11.613,-9.309],[5.409,-2.284],[116.054,74.993],[5.298,2.86],[19.042,20.77],[20.158,13.84],[-7.58,40.444],[-1.128,11.231],[-2.999,5.184],[-7.172,9.732],[-3.715,4.048],[-20.293,17.802],[-6.525,1.252],[-31.172,4.235],[-4.693,-2.057],[-4.237,-2.534],[-27.849,-27.285],[-23.202,-28.311],[1.746,-5.492],[2.242,-5.327],[2.191,-3.433]],"v":[[-122.823,-63.462],[-114.469,-74.208],[-76.048,-114.912],[-37.592,-126.054],[-8.256,-123.629],[121.51,-167.981],[136.997,-158.793],[177.708,-87.285],[202.871,-14.573],[162.2,26.574],[158.85,65.932],[151.804,90.819],[137.214,108.448],[113.566,116.672],[38.063,173.38],[10.622,163.918],[-69.862,166.644],[-83.246,159.772],[-95.331,151.442],[-137.279,66.03],[-144.43,-21.537],[-138.725,-37.813],[-129.97,-53.299]],"c":true}]},{"i":{"x":0.833,"y":0.833},"o":{"x":0.333,"y":0},"n":"0p833_0p833_0p333_0","t":150,"s":[{"i":[[-2.559,3.337],[-2.766,3.607],[-3.873,3.107],[-13.522,5.71],[-5.563,1.539],[-89.09,-48.097],[-4.899,-3.497],[-23.979,-15.902],[9.195,-20.692],[3.082,-23.991],[5.41,-9.726],[3.586,-4.866],[9.163,-8.134],[4.059,-3.564],[31.06,-1.7],[6.237,-0.839],[27.932,19.642],[4.237,2.534],[3.828,3.011],[25.082,30.312],[-10.5,28.044],[-2.242,5.327],[-3.625,4.983]],"o":[[2.83,-3.536],[8.297,-10.819],[11.613,-9.309],[5.409,-2.284],[116.054,74.993],[5.298,2.86],[19.042,20.77],[20.158,13.84],[-7.58,40.444],[-1.128,11.231],[-2.999,5.184],[-7.172,9.732],[-3.715,4.048],[-20.293,17.802],[-6.525,1.252],[-31.172,4.235],[-4.693,-2.057],[-4.237,-2.534],[-27.849,-27.285],[-23.202,-28.311],[1.746,-5.492],[2.242,-5.327],[2.191,-3.433]],"v":[[-122.823,-63.462],[-114.469,-74.208],[-76.048,-114.912],[-37.592,-126.054],[-8.256,-123.629],[121.51,-167.981],[136.997,-158.793],[177.708,-87.285],[202.871,-14.573],[162.2,26.574],[158.85,65.932],[151.804,90.819],[137.214,108.448],[113.566,116.672],[38.063,173.38],[10.622,163.918],[-69.862,166.644],[-83.246,159.772],[-95.331,151.442],[-137.279,66.03],[-144.43,-21.537],[-138.725,-37.813],[-129.97,-53.299]],"c":true}],"e":[{"i":[[-2.559,3.337],[-2.766,3.607],[-3.873,3.107],[-13.522,5.71],[-5.563,1.539],[-37.861,-18.51],[-4.899,-3.497],[-23.979,-15.902],[9.195,-20.692],[3.082,-23.991],[5.41,-9.726],[3.586,-4.866],[9.163,-8.134],[4.059,-3.564],[31.06,-1.7],[6.237,-0.839],[27.932,19.642],[4.237,2.534],[3.828,3.011],[25.082,30.312],[-10.5,28.044],[-2.242,5.327],[-3.625,4.983]],"o":[[2.83,-3.536],[8.297,-10.819],[11.613,-9.309],[5.409,-2.284],[76.395,-57.131],[5.409,2.644],[19.042,20.77],[20.158,13.84],[-9.256,22.633],[-1.128,11.232],[-2.999,5.184],[-7.172,9.732],[-3.715,4.048],[-20.293,17.802],[-6.525,1.252],[-31.172,4.235],[-4.693,-2.057],[-4.237,-2.534],[-27.849,-27.285],[-23.202,-28.311],[1.746,-5.492],[2.242,-5.327],[2.191,-3.433]],"v":[[-167.947,-97.291],[-159.592,-108.037],[-121.172,-148.741],[-83.257,-171.333],[-66.765,-177.116],[121.509,-167.981],[136.997,-158.793],[177.708,-87.285],[202.871,-14.573],[188.628,55.691],[172.18,93.29],[162.292,108.375],[137.645,135.297],[126.044,146.729],[38.063,173.38],[19.062,176.673],[-69.862,166.644],[-83.246,159.772],[-95.331,151.442],[-181.883,75.698],[-189.554,-55.366],[-183.848,-71.642],[-175.094,-87.129]],"c":true}]},{"t":179}],"ix":2},"nm":"Path 1","mn":"ADBE Vector Shape - Group","hd":false},{"ty":"fl","c":{"a":0,"k":[0.13333333333333333,0.15294117647058825,0.23529411764705882,1],"ix":4},"o":{"a":0,"k":100,"ix":5},"r":1,"nm":"Fill 1","mn":"ADBE Vector Graphic - Fill","hd":false},{"ty":"tr","p":{"a":0,"k":[187.305,192.959],"ix":2},"a":{"a":0,"k":[0,0],"ix":1},"s":{"a":0,"k":[100,100],"ix":3},"r":{"a":0,"k":0,"ix":6},"o":{"a":0,"k":100,"ix":7},"sk":{"a":0,"k":0,"ix":4},"sa":{"a":0,"k":0,"ix":5},"nm":"Transform"}],"nm":"Group 1","np":2,"cix":2,"ix":1,"mn":"ADBE Vector Group","hd":false}],"ip":0,"op":180,"st":0,"bm":0},{"ddd":0,"ind":3,"ty":4,"nm":"BG Outlines - Group 2","sr":1,"ks":{"o":{"a":0,"k":100,"ix":11},"r":{"a":1,"k":[{"i":{"x":[0.833],"y":[0.833]},"o":{"x":[0.167],"y":[0.167]},"n":["0p833_0p833_0p167_0p167"],"t":0,"s":[0],"e":[-28]},{"t":179}],"ix":10},"p":{"a":0,"k":[193.702,200.413,0],"ix":2},"a":{"a":0,"k":[201.327,190.163,0],"ix":1},"s":{"a":0,"k":[79,79,100],"ix":6}},"ao":0,"ef":[{"ty":5,"nm":"Wave Warp","np":10,"mn":"ADBE Wave Warp","ix":1,"en":1,"ef":[{"ty":7,"nm":"Wave Type","mn":"ADBE Wave Warp-0001","ix":1,"v":{"a":0,"k":1,"ix":1}},{"ty":0,"nm":"Wave Height","mn":"ADBE Wave Warp-0002","ix":2,"v":{"a":0,"k":-3,"ix":2}},{"ty":0,"nm":"Wave Width","mn":"ADBE Wave Warp-0003","ix":3,"v":{"a":0,"k":82.2,"ix":3}},{"ty":0,"nm":"Direction","mn":"ADBE Wave Warp-0004","ix":4,"v":{"a":0,"k":90,"ix":4}},{"ty":7,"nm":"Wave Speed","mn":"ADBE Wave Warp-0005","ix":5,"v":{"a":0,"k":0.14,"ix":5}},{"ty":7,"nm":"Pinning","mn":"ADBE Wave Warp-0006","ix":6,"v":{"a":0,"k":1,"ix":6}},{"ty":0,"nm":"Phase","mn":"ADBE Wave Warp-0007","ix":7,"v":{"a":0,"k":0,"ix":7}},{"ty":7,"nm":"Antialiasing (Best Quality)","mn":"ADBE Wave Warp-0008","ix":8,"v":{"a":0,"k":1,"ix":8}}]}],"shapes":[{"ty":"gr","it":[{"ind":0,"ty":"sh","ix":1,"ks":{"a":1,"k":[{"i":{"x":0.667,"y":1},"o":{"x":0.167,"y":0.167},"n":"0p667_1_0p167_0p167","t":0,"s":[{"i":[[-0.768,4.782],[-0.83,5.168],[-5.647,14.988],[-2.226,5.268],[-10.58,13.183],[-4.796,4.603],[-48.495,1.951],[-6.877,-0.864],[-33,-3],[-2,-26],[-10,-26],[0.163,-12.816],[0.973,-6.893],[4.837,-13.256],[2.164,-5.832],[30.548,-18.713],[5.862,-4.261],[39.052,4.628],[5.68,0.25],[5.527,0.958],[42,17],[4.698,34.165],[0.641,6.625],[-0.948,7.033]],"o":[[0.933,-5.132],[2.49,-15.503],[1.783,-5.557],[6.677,-15.787],[4.232,-5.273],[39.936,-27.747],[6.928,-0.279],[30.659,10.634],[28,3],[3,28],[5,12],[-0.204,6.894],[-1.945,13.786],[-1.55,6.134],[-10.828,29.141],[-5.928,4.838],[-29.275,21.343],[-5.882,0.482],[-5.68,-0.25],[-43.148,-12.418],[-39,-16],[-1.235,-6.521],[-0.642,-6.625],[0.342,-4.678]],"v":[[-189.233,2.642],[-186.645,-12.818],[-175.971,-58.869],[-169.973,-75.086],[-143.906,-118.721],[-130.356,-133.604],[7.119,-191.358],[27.841,-190.518],[124.5,-176.885],[172.5,-124.885],[196.5,-45.885],[201.337,-8.069],[199.567,12.628],[189.315,53.394],[183.812,71.325],[122.185,145.026],[104.73,158.757],[0.776,187.009],[-16.547,187.365],[-33.352,185.533],[-162.5,156.115],[-188.198,56.951],[-191.319,37.335],[-190.918,16.851]],"c":true}],"e":[{"i":[[-0.768,4.782],[-0.83,5.168],[-5.647,14.988],[-2.226,5.268],[-10.58,13.183],[-4.796,4.603],[-48.495,1.951],[-6.878,-0.864],[-33,-3],[17.972,-45.014],[-1.217,-58.845],[0.163,-12.816],[0.973,-6.893],[4.837,-13.256],[2.164,-5.832],[30.548,-18.713],[5.862,-4.261],[39.052,4.628],[5.68,0.25],[5.527,0.958],[42,17],[4.698,34.165],[0.641,6.625],[-0.948,7.033]],"o":[[0.933,-5.132],[2.49,-15.503],[1.783,-5.557],[6.677,-15.787],[4.232,-5.273],[21.174,-83.754],[6.928,-0.279],[20.232,53.383],[28,3],[-32.378,42.299],[5,12],[-0.204,6.894],[-1.945,13.786],[-1.55,6.134],[-10.828,29.141],[-5.928,4.838],[-29.275,21.343],[-5.882,0.482],[-5.68,-0.25],[-43.148,-12.418],[-39,-16],[-1.235,-6.521],[-0.642,-6.625],[0.342,-4.678]],"v":[[-189.233,2.642],[-186.645,-12.818],[-175.971,-58.869],[-169.973,-75.086],[-143.906,-118.721],[-130.356,-133.604],[7.119,-191.358],[27.841,-190.518],[124.5,-176.885],[149.933,-97.525],[196.5,-45.885],[201.337,-8.069],[199.567,12.628],[189.315,53.394],[183.812,71.325],[102.913,116.772],[85.458,130.503],[0.221,162.831],[-17.102,163.188],[-33.907,161.356],[-60.115,69.264],[-188.198,56.951],[-191.319,37.335],[-190.918,16.851]],"c":true}]},{"i":{"x":0.833,"y":0.833},"o":{"x":0.333,"y":0},"n":"0p833_0p833_0p333_0","t":30,"s":[{"i":[[-0.768,4.782],[-0.83,5.168],[-5.647,14.988],[-2.226,5.268],[-10.58,13.183],[-4.796,4.603],[-48.495,1.951],[-6.878,-0.864],[-33,-3],[17.972,-45.014],[-1.217,-58.845],[0.163,-12.816],[0.973,-6.893],[4.837,-13.256],[2.164,-5.832],[30.548,-18.713],[5.862,-4.261],[39.052,4.628],[5.68,0.25],[5.527,0.958],[42,17],[4.698,34.165],[0.641,6.625],[-0.948,7.033]],"o":[[0.933,-5.132],[2.49,-15.503],[1.783,-5.557],[6.677,-15.787],[4.232,-5.273],[21.174,-83.754],[6.928,-0.279],[20.232,53.383],[28,3],[-32.378,42.299],[5,12],[-0.204,6.894],[-1.945,13.786],[-1.55,6.134],[-10.828,29.141],[-5.928,4.838],[-29.275,21.343],[-5.882,0.482],[-5.68,-0.25],[-43.148,-12.418],[-39,-16],[-1.235,-6.521],[-0.642,-6.625],[0.342,-4.678]],"v":[[-189.233,2.642],[-186.645,-12.818],[-175.971,-58.869],[-169.973,-75.086],[-143.906,-118.721],[-130.356,-133.604],[7.119,-191.358],[27.841,-190.518],[124.5,-176.885],[149.933,-97.525],[196.5,-45.885],[201.337,-8.069],[199.567,12.628],[189.315,53.394],[183.812,71.325],[102.913,116.772],[85.458,130.503],[0.221,162.831],[-17.102,163.188],[-33.907,161.356],[-60.115,69.264],[-188.198,56.951],[-191.319,37.335],[-190.918,16.851]],"c":true}],"e":[{"i":[[-0.768,4.782],[-0.83,5.168],[-5.647,14.988],[-2.226,5.268],[-10.58,13.183],[-4.796,4.603],[-48.495,1.951],[-6.877,-0.864],[-33,-3],[-2,-26],[-10,-26],[0.163,-12.816],[0.973,-6.893],[4.837,-13.256],[2.164,-5.832],[30.548,-18.713],[5.862,-4.261],[39.052,4.628],[5.68,0.25],[5.527,0.958],[42,17],[4.698,34.165],[0.641,6.625],[-0.948,7.033]],"o":[[0.933,-5.132],[2.49,-15.503],[1.783,-5.557],[6.677,-15.787],[4.232,-5.273],[39.936,-27.747],[6.928,-0.279],[30.659,10.634],[28,3],[3,28],[5,12],[-0.204,6.894],[-1.945,13.786],[-1.55,6.134],[-10.828,29.141],[-5.928,4.838],[-29.275,21.343],[-5.882,0.482],[-5.68,-0.25],[-43.148,-12.418],[-39,-16],[-1.235,-6.521],[-0.642,-6.625],[0.342,-4.678]],"v":[[-189.233,2.642],[-186.645,-12.818],[-175.971,-58.869],[-169.973,-75.086],[-143.906,-118.721],[-130.356,-133.604],[7.119,-191.358],[27.841,-190.518],[124.5,-176.885],[172.5,-124.885],[196.5,-45.885],[201.337,-8.069],[199.567,12.628],[189.315,53.394],[183.812,71.325],[122.185,145.026],[104.73,158.757],[0.776,187.009],[-16.547,187.365],[-33.352,185.533],[-162.5,156.115],[-188.198,56.951],[-191.319,37.335],[-190.918,16.851]],"c":true}]},{"i":{"x":0.667,"y":1},"o":{"x":0.167,"y":0.167},"n":"0p667_1_0p167_0p167","t":60,"s":[{"i":[[-0.768,4.782],[-0.83,5.168],[-5.647,14.988],[-2.226,5.268],[-10.58,13.183],[-4.796,4.603],[-48.495,1.951],[-6.877,-0.864],[-33,-3],[-2,-26],[-10,-26],[0.163,-12.816],[0.973,-6.893],[4.837,-13.256],[2.164,-5.832],[30.548,-18.713],[5.862,-4.261],[39.052,4.628],[5.68,0.25],[5.527,0.958],[42,17],[4.698,34.165],[0.641,6.625],[-0.948,7.033]],"o":[[0.933,-5.132],[2.49,-15.503],[1.783,-5.557],[6.677,-15.787],[4.232,-5.273],[39.936,-27.747],[6.928,-0.279],[30.659,10.634],[28,3],[3,28],[5,12],[-0.204,6.894],[-1.945,13.786],[-1.55,6.134],[-10.828,29.141],[-5.928,4.838],[-29.275,21.343],[-5.882,0.482],[-5.68,-0.25],[-43.148,-12.418],[-39,-16],[-1.235,-6.521],[-0.642,-6.625],[0.342,-4.678]],"v":[[-189.233,2.642],[-186.645,-12.818],[-175.971,-58.869],[-169.973,-75.086],[-143.906,-118.721],[-130.356,-133.604],[7.119,-191.358],[27.841,-190.518],[124.5,-176.885],[172.5,-124.885],[196.5,-45.885],[201.337,-8.069],[199.567,12.628],[189.315,53.394],[183.812,71.325],[122.185,145.026],[104.73,158.757],[0.776,187.009],[-16.547,187.365],[-33.352,185.533],[-162.5,156.115],[-188.198,56.951],[-191.319,37.335],[-190.918,16.851]],"c":true}],"e":[{"i":[[-0.768,4.782],[-0.83,5.168],[-5.647,14.988],[-4.486,3.546],[-10.58,13.183],[-4.796,4.603],[-48.495,1.951],[-6.877,-0.864],[-33,-3],[-2,-26],[-100.858,-40.613],[0.163,-12.816],[0.973,-6.893],[4.837,-13.256],[2.164,-5.832],[30.548,-18.713],[5.862,-4.261],[39.052,4.628],[5.68,0.25],[5.527,0.958],[42,17],[4.698,34.165],[0.641,6.625],[-0.948,7.033]],"o":[[0.933,-5.132],[2.49,-15.503],[1.783,-5.557],[62.404,-49.323],[4.232,-5.273],[39.937,-27.747],[6.928,-0.279],[30.659,10.634],[28,3],[3,28],[5,12],[-0.204,6.894],[-1.945,13.786],[-1.55,6.134],[-10.828,29.141],[-5.928,4.838],[-29.275,21.343],[-5.882,0.482],[-5.68,-0.25],[-43.148,-12.418],[-39,-16],[-1.235,-6.521],[-0.642,-6.625],[0.342,-4.678]],"v":[[-189.233,2.642],[-186.645,-12.818],[-152.348,-35.98],[-117.643,-54.785],[-91.685,-160.436],[-78.134,-175.319],[7.119,-191.358],[27.841,-190.518],[124.5,-176.885],[172.5,-124.885],[196.5,-45.885],[201.337,-8.069],[199.567,12.628],[189.315,53.394],[183.812,71.325],[136.957,96.53],[119.502,110.261],[37.964,132.389],[20.641,132.745],[3.836,130.913],[-109.37,131.594],[-188.198,56.951],[-191.319,37.335],[-190.918,16.851]],"c":true}]},{"i":{"x":0.833,"y":0.833},"o":{"x":0.333,"y":0},"n":"0p833_0p833_0p333_0","t":90,"s":[{"i":[[-0.768,4.782],[-0.83,5.168],[-5.647,14.988],[-4.486,3.546],[-10.58,13.183],[-4.796,4.603],[-48.495,1.951],[-6.877,-0.864],[-33,-3],[-2,-26],[-100.858,-40.613],[0.163,-12.816],[0.973,-6.893],[4.837,-13.256],[2.164,-5.832],[30.548,-18.713],[5.862,-4.261],[39.052,4.628],[5.68,0.25],[5.527,0.958],[42,17],[4.698,34.165],[0.641,6.625],[-0.948,7.033]],"o":[[0.933,-5.132],[2.49,-15.503],[1.783,-5.557],[62.404,-49.323],[4.232,-5.273],[39.937,-27.747],[6.928,-0.279],[30.659,10.634],[28,3],[3,28],[5,12],[-0.204,6.894],[-1.945,13.786],[-1.55,6.134],[-10.828,29.141],[-5.928,4.838],[-29.275,21.343],[-5.882,0.482],[-5.68,-0.25],[-43.148,-12.418],[-39,-16],[-1.235,-6.521],[-0.642,-6.625],[0.342,-4.678]],"v":[[-189.233,2.642],[-186.645,-12.818],[-152.348,-35.98],[-117.643,-54.785],[-91.685,-160.436],[-78.134,-175.319],[7.119,-191.358],[27.841,-190.518],[124.5,-176.885],[172.5,-124.885],[196.5,-45.885],[201.337,-8.069],[199.567,12.628],[189.315,53.394],[183.812,71.325],[136.957,96.53],[119.502,110.261],[37.964,132.389],[20.641,132.745],[3.836,130.913],[-109.37,131.594],[-188.198,56.951],[-191.319,37.335],[-190.918,16.851]],"c":true}],"e":[{"i":[[-0.768,4.782],[-0.83,5.168],[-5.647,14.988],[-2.226,5.268],[-10.58,13.183],[-4.796,4.603],[-48.495,1.951],[-6.877,-0.864],[-33,-3],[-2,-26],[-10,-26],[0.163,-12.816],[0.973,-6.893],[4.837,-13.256],[2.164,-5.832],[30.548,-18.713],[5.862,-4.261],[39.052,4.628],[5.68,0.25],[5.527,0.958],[42,17],[4.698,34.165],[0.641,6.625],[-0.948,7.033]],"o":[[0.933,-5.132],[2.49,-15.503],[1.783,-5.557],[6.677,-15.787],[4.232,-5.273],[39.936,-27.747],[6.928,-0.279],[30.659,10.634],[28,3],[3,28],[5,12],[-0.204,6.894],[-1.945,13.786],[-1.55,6.134],[-10.828,29.141],[-5.928,4.838],[-29.275,21.343],[-5.882,0.482],[-5.68,-0.25],[-43.148,-12.418],[-39,-16],[-1.235,-6.521],[-0.642,-6.625],[0.342,-4.678]],"v":[[-189.233,2.642],[-186.645,-12.818],[-175.971,-58.869],[-169.973,-75.086],[-143.906,-118.721],[-130.356,-133.604],[7.119,-191.358],[27.841,-190.518],[124.5,-176.885],[172.5,-124.885],[196.5,-45.885],[201.337,-8.069],[199.567,12.628],[189.315,53.394],[183.812,71.325],[122.185,145.026],[104.73,158.757],[0.776,187.009],[-16.547,187.365],[-33.352,185.533],[-162.5,156.115],[-188.198,56.951],[-191.319,37.335],[-190.918,16.851]],"c":true}]},{"i":{"x":0.667,"y":1},"o":{"x":0.167,"y":0.167},"n":"0p667_1_0p167_0p167","t":120,"s":[{"i":[[-0.768,4.782],[-0.83,5.168],[-5.647,14.988],[-2.226,5.268],[-10.58,13.183],[-4.796,4.603],[-48.495,1.951],[-6.877,-0.864],[-33,-3],[-2,-26],[-10,-26],[0.163,-12.816],[0.973,-6.893],[4.837,-13.256],[2.164,-5.832],[30.548,-18.713],[5.862,-4.261],[39.052,4.628],[5.68,0.25],[5.527,0.958],[42,17],[4.698,34.165],[0.641,6.625],[-0.948,7.033]],"o":[[0.933,-5.132],[2.49,-15.503],[1.783,-5.557],[6.677,-15.787],[4.232,-5.273],[39.936,-27.747],[6.928,-0.279],[30.659,10.634],[28,3],[3,28],[5,12],[-0.204,6.894],[-1.945,13.786],[-1.55,6.134],[-10.828,29.141],[-5.928,4.838],[-29.275,21.343],[-5.882,0.482],[-5.68,-0.25],[-43.148,-12.418],[-39,-16],[-1.235,-6.521],[-0.642,-6.625],[0.342,-4.678]],"v":[[-189.233,2.642],[-186.645,-12.818],[-175.971,-58.869],[-169.973,-75.086],[-143.906,-118.721],[-130.356,-133.604],[7.119,-191.358],[27.841,-190.518],[124.5,-176.885],[172.5,-124.885],[196.5,-45.885],[201.337,-8.069],[199.567,12.628],[189.315,53.394],[183.812,71.325],[122.185,145.026],[104.73,158.757],[0.776,187.009],[-16.547,187.365],[-33.352,185.533],[-162.5,156.115],[-188.198,56.951],[-191.319,37.335],[-190.918,16.851]],"c":true}],"e":[{"i":[[-0.768,4.782],[-0.83,5.168],[-5.647,14.988],[-2.226,5.268],[-10.58,13.183],[-4.796,4.603],[-48.495,1.951],[-6.878,-0.864],[-33,-3],[17.972,-45.014],[-1.217,-58.845],[0.163,-12.816],[0.973,-6.893],[4.837,-13.256],[2.164,-5.832],[30.548,-18.713],[5.862,-4.261],[39.052,4.628],[5.68,0.25],[5.527,0.958],[42,17],[4.698,34.165],[0.641,6.625],[-0.948,7.033]],"o":[[0.933,-5.132],[2.49,-15.503],[1.783,-5.557],[6.677,-15.787],[4.232,-5.273],[21.174,-83.754],[6.928,-0.279],[20.232,53.383],[28,3],[-32.378,42.299],[5,12],[-0.204,6.894],[-1.945,13.786],[-1.55,6.134],[-10.828,29.141],[-5.928,4.838],[-29.275,21.343],[-5.882,0.482],[-5.68,-0.25],[-43.148,-12.418],[-39,-16],[-1.235,-6.521],[-0.642,-6.625],[0.342,-4.678]],"v":[[-189.233,2.642],[-186.645,-12.818],[-175.971,-58.869],[-169.973,-75.086],[-143.906,-118.721],[-130.356,-133.604],[7.119,-191.358],[27.841,-190.518],[124.5,-176.885],[149.933,-97.525],[196.5,-45.885],[201.337,-8.069],[199.567,12.628],[189.315,53.394],[183.812,71.325],[102.913,116.772],[85.458,130.503],[0.221,162.831],[-17.102,163.188],[-33.907,161.356],[-60.115,69.264],[-188.198,56.951],[-191.319,37.335],[-190.918,16.851]],"c":true}]},{"i":{"x":0.833,"y":0.833},"o":{"x":0.333,"y":0},"n":"0p833_0p833_0p333_0","t":150,"s":[{"i":[[-0.768,4.782],[-0.83,5.168],[-5.647,14.988],[-2.226,5.268],[-10.58,13.183],[-4.796,4.603],[-48.495,1.951],[-6.878,-0.864],[-33,-3],[17.972,-45.014],[-1.217,-58.845],[0.163,-12.816],[0.973,-6.893],[4.837,-13.256],[2.164,-5.832],[30.548,-18.713],[5.862,-4.261],[39.052,4.628],[5.68,0.25],[5.527,0.958],[42,17],[4.698,34.165],[0.641,6.625],[-0.948,7.033]],"o":[[0.933,-5.132],[2.49,-15.503],[1.783,-5.557],[6.677,-15.787],[4.232,-5.273],[21.174,-83.754],[6.928,-0.279],[20.232,53.383],[28,3],[-32.378,42.299],[5,12],[-0.204,6.894],[-1.945,13.786],[-1.55,6.134],[-10.828,29.141],[-5.928,4.838],[-29.275,21.343],[-5.882,0.482],[-5.68,-0.25],[-43.148,-12.418],[-39,-16],[-1.235,-6.521],[-0.642,-6.625],[0.342,-4.678]],"v":[[-189.233,2.642],[-186.645,-12.818],[-175.971,-58.869],[-169.973,-75.086],[-143.906,-118.721],[-130.356,-133.604],[7.119,-191.358],[27.841,-190.518],[124.5,-176.885],[149.933,-97.525],[196.5,-45.885],[201.337,-8.069],[199.567,12.628],[189.315,53.394],[183.812,71.325],[102.913,116.772],[85.458,130.503],[0.221,162.831],[-17.102,163.188],[-33.907,161.356],[-60.115,69.264],[-188.198,56.951],[-191.319,37.335],[-190.918,16.851]],"c":true}],"e":[{"i":[[-0.768,4.782],[-0.83,5.168],[-5.647,14.988],[-2.226,5.268],[-10.58,13.183],[-4.796,4.603],[-48.495,1.951],[-6.877,-0.864],[-33,-3],[-2,-26],[-10,-26],[0.163,-12.816],[0.973,-6.893],[4.837,-13.256],[2.164,-5.832],[30.548,-18.713],[5.862,-4.261],[39.052,4.628],[5.68,0.25],[5.527,0.958],[42,17],[4.698,34.165],[0.641,6.625],[-0.948,7.033]],"o":[[0.933,-5.132],[2.49,-15.503],[1.783,-5.557],[6.677,-15.787],[4.232,-5.273],[39.936,-27.747],[6.928,-0.279],[30.659,10.634],[28,3],[3,28],[5,12],[-0.204,6.894],[-1.945,13.786],[-1.55,6.134],[-10.828,29.141],[-5.928,4.838],[-29.275,21.343],[-5.882,0.482],[-5.68,-0.25],[-43.148,-12.418],[-39,-16],[-1.235,-6.521],[-0.642,-6.625],[0.342,-4.678]],"v":[[-189.233,2.642],[-186.645,-12.818],[-175.971,-58.869],[-169.973,-75.086],[-143.906,-118.721],[-130.356,-133.604],[7.119,-191.358],[27.841,-190.518],[124.5,-176.885],[172.5,-124.885],[196.5,-45.885],[201.337,-8.069],[199.567,12.628],[189.315,53.394],[183.812,71.325],[122.185,145.026],[104.73,158.757],[0.776,187.009],[-16.547,187.365],[-33.352,185.533],[-162.5,156.115],[-188.198,56.951],[-191.319,37.335],[-190.918,16.851]],"c":true}]},{"t":179}],"ix":2},"nm":"Path 1","mn":"ADBE Vector Shape - Group","hd":false},{"ty":"fl","c":{"a":0,"k":[0.13333333333333333,0.15294117647058825,0.23529411764705882,1],"ix":4},"o":{"a":0,"k":100,"ix":5},"r":1,"nm":"Fill 1","mn":"ADBE Vector Graphic - Fill","hd":false},{"ty":"tr","p":{"a":0,"k":[196.5,191.885],"ix":2},"a":{"a":0,"k":[0,0],"ix":1},"s":{"a":0,"k":[100,100],"ix":3},"r":{"a":0,"k":0,"ix":6},"o":{"a":0,"k":100,"ix":7},"sk":{"a":0,"k":0,"ix":4},"sa":{"a":0,"k":0,"ix":5},"nm":"Transform"}],"nm":"Group 2","np":2,"cix":2,"ix":1,"mn":"ADBE Vector Group","hd":false}],"ip":0,"op":180,"st":0,"bm":0}]}],"layers":[{"ddd":0,"ind":1,"ty":0,"nm":"Program","refId":"comp_0","sr":1,"ks":{"o":{"a":0,"k":100,"ix":11},"r":{"a":0,"k":0,"ix":10},"p":{"a":0,"k":[250,250,0],"ix":2},"a":{"a":0,"k":[199,190,0],"ix":1},"s":{"a":0,"k":[100,100,100],"ix":6}},"ao":0,"w":398,"h":380,"ip":0,"op":168,"st":0,"bm":0}],"markers":[]}